FFKU8N1CZHLMUG6GUHZ1,1,Unwell,others,,,0716,204828
FFKU8N1CZHLMUG6GUHZ1,2,Hungry,Hungry,,,0716,210357
FFKU8N1CZHLMUG6GUHZ1,3,Sleepy,Sleepy,,,0716,212537
FFKU8N1CZHLMUG6GUHZ1,4,Hungry,Hungry,,,0716,232222
FFKU8N1CZHLMUG6GUHZ1,5,Hungry,others,,,0717,005840
FFKU8N1CZHLMUG6GUHZ1,6,Sleepy,Sleepy,,,0717,020106
FFKU8N1CZHLMUG6GUHZ1,7,Unwell,Unwell,,,0717,041232
FFKU8N1CZHLMUG6GUHZ1,8,Hungry,others,,,0717,045707
FFKU8N1CZHLMUG6GUHZ1,9,Sleepy,Sleepy,,,0717,053257
FFKU8N1CZHLMUG6GUHZ1,10,Hungry,Hungry,,,0717,054001
FFKU8N1CZHLMUG6GUHZ1,11,Unwell,Unwell,Wet diaper,,0717,111442
FFKU8N1CZHLMUG6GUHZ1,12,Sleepy,Hungry,Unwell,,0717,112707
FFKU8N1CZHLMUG6GUHZ1,13,Sleepy,Hungry,Unwell,,0717,114358
FFKU8N1CZHLMUG6GUHZ1,14,Unwell,Unwell,,,0717,121126
FFKU8N1CZHLMUG6GUHZ1,15,Hungry,others,,,0717,122735
FFKU8N1CZHLMUG6GUHZ1,16,Unwell,Unwell,,,0717,123747
FFKU8N1CZHLMUG6GUHZ1,17,Sleepy,Sleepy,,,0717,124626
FFKU8N1CZHLMUG6GUHZ1,18,Hungry,Unwell,others,,0717,144321
FFKU8N1CZHLMUG6GUHZ1,19,Sleepy,Sleepy,Unwell,,0717,152544
FFKU8N1CZHLMUG6GUHZ1,20,Sleepy,Sleepy,,,0717,164048
FFKU8N1CZHLMUG6GUHZ1,21,Sleepy,Sleepy,,,0717,165439
FFKU8N1CZHLMUG6GUHZ1,22,Unwell,Sleepy,Unwell,,0717,173032
FFKU8N1CZHLMUG6GUHZ1,23,Hungry,Hungry,Sleepy,,0717,213115
FFKU8N1CZHLMUG6GUHZ1,24,Sleepy,Hungry,Sleepy,,0717,214159
FFKU8N1CZHLMUG6GUHZ1,25,Sleepy,Hungry,,,0717,221136
FFKU8N1CZHLMUG6GUHZ1,26,Hungry,Sleepy,,,0717,222320
FFKU8N1CZHLMUG6GUHZ1,27,Sleepy,Sleepy,,,0717,223416
FFKU8N1CZHLMUG6GUHZ1,28,Hungry,Sleepy,Unwell,others,0718,102815
FFKU8N1CZHLMUG6GUHZ1,29,Sleepy,Sleepy,Unwell,,0718,122727
FFKU8N1CZHLMUG6GUHZ1,30,Sleepy,Sleepy,Unwell,,0718,132039
FFKU8N1CZHLMUG6GUHZ1,31,Hungry,Unwell,others,,0718,152954
FFKU8N1CZHLMUG6GUHZ1,32,Unwell,Unwell,others,,0718,161855
FFKU8N1CZHLMUG6GUHZ1,33,Hungry,Hungry,Unwell,,0718,174438
FFKU8N1CZHLMUG6GUHZ1,34,Unwell,Sleepy,Unwell,,0718,180023
FFKU8N1CZHLMUG6GUHZ1,35,Sleepy,Sleepy,Unwell,,0718,181137
FFKU8N1CZHLMUG6GUHZ1,36,Hungry,Hungry,Sleepy,,0718,215117
FFKU8N1CZHLMUG6GUHZ1,37,Hungry,Hungry,Sleepy,Unwell,0718,220109
FFKU8N1CZHLMUG6GUHZ1,38,Unwell,Sleepy,Unwell,,0718,220458
FFKU8N1CZHLMUG6GUHZ1,39,Sleepy,Sleepy,Unwell,,0718,221812
FFKU8N1CZHLMUG6GUHZ1,40,Hungry,Hungry,,,0719,061202
FFKU8N1CZHLMUG6GUHZ1,41,Hungry,Hungry,Unwell,,0719,110123
FFKU8N1CZHLMUG6GUHZ1,42,Hungry,Hungry,,,0719,112007
FFKU8N1CZHLMUG6GUHZ1,43,Sleepy,Sleepy,Unwell,,0719,120439
FFKU8N1CZHLMUG6GUHZ1,44,Hungry,Hungry,Sleepy,,0719,121904
FFKU8N1CZHLMUG6GUHZ1,45,Unwell,Unwell,,,0719,143236
FFKU8N1CZHLMUG6GUHZ1,46,Unwell,Hungry,Unwell,,0719,161106
FFKU8N1CZHLMUG6GUHZ1,47,Hungry,Unwell,others,,0719,175501
FFKU8N1CZHLMUG6GUHZ1,48,Sleepy,Unwell,,,0719,180601
FFKU8N1CZHLMUG6GUHZ1,49,Sleepy,Unwell,,,0719,183304
FFKU8N1CZHLMUG6GUHZ1,50,Sleepy,Unwell,,,0719,184600
FFKU8N1CZHLMUG6GUHZ1,51,Sleepy,Sleepy,Unwell,,0719,190233
FFKU8N1CZHLMUG6GUHZ1,52,Sleepy,Sleepy,Unwell,,0719,191339
FFKU8N1CZHLMUG6GUHZ1,53,Unwell,Sleepy,Unwell,,0719,191652
FFKU8N1CZHLMUG6GUHZ1,54,Sleepy,Sleepy,Unwell,,0719,195058
FFKU8N1CZHLMUG6GUHZ1,55,Hungry,Hungry,Unwell,,0719,200928
FFKU8N1CZHLMUG6GUHZ1,56,Sleepy,Sleepy,,,0719,213335
FFKU8N1CZHLMUG6GUHZ1,57,Sleepy,Sleepy,,,0719,221244
FFKU8N1CZHLMUG6GUHZ1,58,Hungry,Sleepy,Unwell,,0719,222258
FFKU8N1CZHLMUG6GUHZ1,59,Unwell,Sleepy,Unwell,,0719,224242
FFKU8N1CZHLMUG6GUHZ1,60,Unwell,Sleepy,Unwell,,0719,225728
DVPA9X2CUFLW9GPGUHFJ,1,Unwell,others,,,0719,201002
DVPA9X2CUFLW9GPGUHFJ,2,Unwell,Sleepy,,,0719,203302
DVPA9X2CUFLW9GPGUHFJ,3,Sleepy,others,,,0719,204250
DVPA9X2CUFLW9GPGUHFJ,4,Unwell,Hungry,,,0719,210051
DVPA9X2CUFLW9GPGUHFJ,5,Sleepy,Sleepy,,,0719,211205
DVPA9X2CUFLW9GPGUHFJ,6,Hungry,Hungry,,,0720,110127
DVPA9X2CUFLW9GPGUHFJ,7,Unwell,others,,,0720,113147
DVPA9X2CUFLW9GPGUHFJ,8,Hungry,Hungry,,,0720,155106
DVPA9X2CUFLW9GPGUHFJ,9,Hungry,Sleepy,,,0720,165123
DVPA9X2CUFLW9GPGUHFJ,10,Hungry,Sleepy,,,0720,171800
DVPA9X2CUFLW9GPGUHFJ,11,Unwell,others,,,0720,174922
DVPA9X2CUFLW9GPGUHFJ,12,Unwell,others,,,0720,201348
DVPA9X2CUFLW9GPGUHFJ,13,Hungry,others,,,0720,202814
DVPA9X2CUFLW9GPGUHFJ,14,Sleepy,Sleepy,,,0720,210119
DVPA9X2CUFLW9GPGUHFJ,15,Unwell,others,,,0721,092445
DVPA9X2CUFLW9GPGUHFJ,16,Sleepy,Sleepy,,,0721,095059
DVPA9X2CUFLW9GPGUHFJ,17,Unwell,Sleepy,,,0721,152651
DVPA9X2CUFLW9GPGUHFJ,18,Sleepy,Sleepy,,,0721,160137
DVPA9X2CUFLW9GPGUHFJ,19,Unwell,Sleepy,,,0721,161435
DVPA9X2CUFLW9GPGUHFJ,20,Sleepy,Sleepy,,,0721,193207
DVPA9X2CUFLW9GPGUHFJ,21,Hungry,Hungry,,,0721,195629
DVPA9X2CUFLW9GPGUHFJ,22,Sleepy,Sleepy,,,0721,202406
DVPA9X2CUFLW9GPGUHFJ,23,Unwell,Hungry,,,0722,064651
DVPA9X2CUFLW9GPGUHFJ,24,Sleepy,others,,,0722,202420
DVPA9X2CUFLW9GPGUHFJ,25,Sleepy,Sleepy,,,0722,204852
DVPA9X2CUFLW9GPGUHFJ,26,Sleepy,Hungry,Sleepy,,0722,210045
DVPA9X2CUFLW9GPGUHFJ,27,Unwell,Sleepy,,,0722,211349
DVPA9X2CUFLW9GPGUHFJ,28,Unwell,others,,,0723,210948
DVPA9X2CUFLW9GPGUHFJ,29,Unwell,Unwell,,,0723,212101
DVPA9X2CUFLW9GPGUHFJ,30,Hungry,others,,,0724,202115
DVPA9X2CUFLW9GPGUHFJ,31,Sleepy,Hungry,Sleepy,,0724,205453
DVPA9X2CUFLW9GPGUHFJ,32,Hungry,Hungry,,,0724,210701
DVPA9X2CUFLW9GPGUHFJ,33,Unwell,Sleepy,,,0724,212134
DVPA9X2CUFLW9GPGUHFJ,34,Sleepy,Hungry,Sleepy,,0725,202119
DVPA9X2CUFLW9GPGUHFJ,35,Unknown,Sleepy,,,0725,234333
DVPA9X2CUFLW9GPGUHFJ,36,Unknown,Hungry,,,0726,202323
DVPA9X2CUFLW9GPGUHFJ,37,Unknown,Hungry,Sleepy,,0726,204127
DVPA9X2CUFLW9GPGUHFJ,38,Unknown,others,,,0727,094131
DVPA9X2CUFLW9GPGUHFJ,39,Unknown,others,,,0727,095432
DVPA9X2CUFLW9GPGUHFJ,40,Unknown,Hungry,,,0727,103053
DVPA9X2CUFLW9GPGUHFJ,41,Unknown,Sleepy,,,0727,112256
DVPA9X2CUFLW9GPGUHFJ,42,Unknown,Sleepy,,,0727,162026
DVPA9X2CUFLW9GPGUHFJ,43,Unknown,Hungry,,,0727,170205
DVPA9X2CUFLW9GPGUHFJ,44,Unknown,Sleepy,,,0727,195747
DVPA9X2CUFLW9GPGUHFJ,45,Unknown,others,,,0727,201557
DVPA9X2CUFLW9GPGUHFJ,46,Unknown,Hungry,Sleepy,,0727,210413
DVPA9X2CUFLW9GPGUHFJ,47,Unknown,Hungry,Sleepy,,0727,211731
DVPA9X2CUFLW9GPGUHFJ,48,Unknown,Sleepy,,,0727,213907
DVPA9X2CUFLW9GPGUHFJ,49,Unknown,Sleepy,,,0727,222732
DVPA9X2CUFLW9GPGUHFJ,50,Unknown,Hungry,,,0728,091824
DVPA9X2CUFLW9GPGUHFJ,51,Unknown,Hungry,,,0728,093606
DVPA9X2CUFLW9GPGUHFJ,52,Unknown,Hungry,Sleepy,,0728,101137
DVPA9X2CUFLW9GPGUHFJ,53,Unknown,Sleepy,,,0728,102659
DVPA9X2CUFLW9GPGUHFJ,54,Unknown,Sleepy,,,0728,103917
DVPA9X2CUFLW9GPGUHFJ,55,Unknown,Sleepy,,,0728,104916
DVPA9X2CUFLW9GPGUHFJ,56,Unknown,Sleepy,,,0728,110819
DVPA9X2CUFLW9GPGUHFJ,57,Unknown,others,,,0728,121106
DVPA9X2CUFLW9GPGUHFJ,58,Unknown,others,,,0728,123247
DVPA9X2CUFLW9GPGUHFJ,59,Unknown,Sleepy,,,0728,131201
DVPA9X2CUFLW9GPGUHFJ,60,Unknown,Sleepy,,,0728,132756
D3PA853WRF3MSG6GUH7J,1,Hungry,Hungry,Unwell,,0716,133349
D3PA853WRF3MSG6GUH7J,2,Hungry,Hungry,,,0716,140305
D3PA853WRF3MSG6GUH7J,3,Hungry,Hungry,Unwell,,0716,141926
D3PA853WRF3MSG6GUH7J,4,Sleepy,Sleepy,,,0716,143104
D3PA853WRF3MSG6GUH7J,5,Hungry,Unwell,,,0716,165738
D3PA853WRF3MSG6GUH7J,6,Hungry,others,,,0716,185459
D3PA853WRF3MSG6GUH7J,7,Hungry,others,,,0717,071726
D3PA853WRF3MSG6GUH7J,8,Unwell,Unwell,,,0717,083300
D3PA853WRF3MSG6GUH7J,9,Hungry,Unwell,,,0717,092307
D3PA853WRF3MSG6GUH7J,10,Hungry,Hungry,,,0717,095548
D3PA853WRF3MSG6GUH7J,11,Hungry,Unwell,,,0717,113517
D3PA853WRF3MSG6GUH7J,12,Unwell,Unwell,,,0717,123107
D3PA853WRF3MSG6GUH7J,13,Hungry,Unwell,,,0717,163529
D3PA853WRF3MSG6GUH7J,14,Hungry,Unwell,,,0717,165523
D3PA853WRF3MSG6GUH7J,15,Unwell,Hungry,Unwell,,0718,101450
D3PA853WRF3MSG6GUH7J,16,Hungry,Hungry,Unwell,,0718,102836
D3PA853WRF3MSG6GUH7J,17,Hungry,others,,,0718,111911
D3PA853WRF3MSG6GUH7J,18,Unwell,Unwell,,,0718,124545
D3PA853WRF3MSG6GUH7J,19,Hungry,Hungry,,,0718,135721
D3PA853WRF3MSG6GUH7J,20,Sleepy,Sleepy,,,0718,150429
D3PA853WRF3MSG6GUH7J,21,Sleepy,Sleepy,,,0718,161615
D3PA853WRF3MSG6GUH7J,22,Hungry,Hungry,,,0718,174855
D3PA853WRF3MSG6GUH7J,23,Hungry,Hungry,,,0718,180633
D3PA853WRF3MSG6GUH7J,24,Hungry,others,,,0719,072148
D3PA853WRF3MSG6GUH7J,25,Sleepy,Hungry,Sleepy,,0719,095559
D3PA853WRF3MSG6GUH7J,26,Sleepy,Hungry,,,0719,100715
D3PA853WRF3MSG6GUH7J,27,Unwell,Unwell,,,0719,120540
D3PA853WRF3MSG6GUH7J,28,Hungry,Sleepy,Unwell,,0719,132528
D3PA853WRF3MSG6GUH7J,29,Hungry,Unwell,,,0719,162809
D3PA853WRF3MSG6GUH7J,30,Hungry,Unwell,,,0719,165824
D3PA853WRF3MSG6GUH7J,31,Sleepy,Sleepy,,,0724,100613
D3PA853WRF3MSG6GUH7J,32,Hungry,Hungry,,,0724,102650
D3PA853WRF3MSG6GUH7J,33,Unwell,Unwell,,,0724,104115
D3PA853WRF3MSG6GUH7J,34,Unwell,Unwell,,,0724,135106
D3PA853WRF3MSG6GUH7J,35,Unwell,Hungry,Unwell,,0724,141627
D3PA853WRF3MSG6GUH7J,36,Hungry,Hungry,,,0724,180108
D3PA853WRF3MSG6GUH7J,37,Sleepy,Hungry,,,0725,102330
D3PA853WRF3MSG6GUH7J,38,Hungry,Unwell,,,0725,110007
D3PA853WRF3MSG6GUH7J,39,Hungry,Unwell,,,0725,133733
D3PA853WRF3MSG6GUH7J,40,Sleepy,Unwell,,,0725,152335
D3PA853WRF3MSG6GUH7J,41,Unwell,Hungry,Unwell,,0726,100955
D3PA853WRF3MSG6GUH7J,42,Sleepy,Hungry,,,0726,102424
D3PA853WRF3MSG6GUH7J,43,Unwell,others,,,0726,105021
D3PA853WRF3MSG6GUH7J,44,Hungry,Unwell,,,0726,112048
D3PA853WRF3MSG6GUH7J,45,Hungry,others,,,0726,115902
D3PA853WRF3MSG6GUH7J,46,Sleepy,Sleepy,Unwell,,0726,153901
D3PA853WRF3MSG6GUH7J,47,Hungry,Unwell,,,0726,173854
D3PA853WRF3MSG6GUH7J,48,Sleepy,Hungry,Sleepy,,0729,100416
D3PA853WRF3MSG6GUH7J,49,Hungry,Hungry,,,0729,101433
D3PA853WRF3MSG6GUH7J,50,Hungry,Hungry,,,0729,103206
D3PA853WRF3MSG6GUH7J,51,Hungry,Unwell,,,0729,105358
D3PA853WRF3MSG6GUH7J,52,Hungry,Unwell,,,0729,110722
D3PA853WRF3MSG6GUH7J,53,Unwell,others,,,0729,144555
D3PA853WRF3MSG6GUH7J,54,Sleepy,Unwell,others,,0729,152122
D3PA853WRF3MSG6GUH7J,55,Sleepy,Sleepy,others,,0729,153534
D3PA853WRF3MSG6GUH7J,56,Unwell,Hungry,Unwell,,0729,180729
D3PA853WRF3MSG6GUH7J,57,Hungry,Hungry,Unwell,,0729,182143
D3PA853WRF3MSG6GUH7J,58,Sleepy,others,,,0729,183253
D3PA853WRF3MSG6GUH7J,59,Sleepy,Unwell,others,,0730,110426
D3PA853WRF3MSG6GUH7J,60,Unwell,Unwell,,,0730,112633
FZYA9D3WRHL49G6GUHNJ,1,Hungry,Hungry,Sleepy,,0716,195623
FZYA9D3WRHL49G6GUHNJ,2,Sleepy,others,,,0716,202011
FZYA9D3WRHL49G6GUHNJ,3,Unwell,others,,,0716,203054
FZYA9D3WRHL49G6GUHNJ,4,Unwell,others,,,0716,204107
FZYA9D3WRHL49G6GUHNJ,5,Sleepy,Sleepy,,,0716,214127
FZYA9D3WRHL49G6GUHNJ,6,Sleepy,Sleepy,,,0716,215734
FZYA9D3WRHL49G6GUHNJ,7,Unwell,Sleepy,,,0716,220747
FZYA9D3WRHL49G6GUHNJ,8,Sleepy,Sleepy,,,0716,231005
FZYA9D3WRHL49G6GUHNJ,9,Sleepy,Sleepy,,,0717,002044
FZYA9D3WRHL49G6GUHNJ,10,Sleepy,Sleepy,,,0717,003657
FZYA9D3WRHL49G6GUHNJ,11,Unwell,Sleepy,,,0717,012540
FZYA9D3WRHL49G6GUHNJ,12,Unwell,Wet diaper,,,0717,012540
FZYA9D3WRHL49G6GUHNJ,13,Unwell,Wet diaper,,,0717,051035
FZYA9D3WRHL49G6GUHNJ,14,Unwell,others,,,0717,081150
FZYA9D3WRHL49G6GUHNJ,15,Hungry,Hungry,,,0717,124647
FZYA9D3WRHL49G6GUHNJ,16,Unwell,others,,,0717,130351
FZYA9D3WRHL49G6GUHNJ,17,Hungry,others,,,0717,131704
FZYA9D3WRHL49G6GUHNJ,18,Hungry,others,,,0717,132755
FZYA9D3WRHL49G6GUHNJ,19,Unwell,others,,,0717,134435
FZYA9D3WRHL49G6GUHNJ,20,Hungry,others,,,0717,153616
FZYA9D3WRHL49G6GUHNJ,21,Sleepy,others,,,0717,205130
FZYA9D3WRHL49G6GUHNJ,22,Hungry,others,,,0717,205711
FZYA9D3WRHL49G6GUHNJ,23,Hungry,Hungry,,,0717,211938
FZYA9D3WRHL49G6GUHNJ,24,Hungry,others,,,0717,214943
FZYA9D3WRHL49G6GUHNJ,25,Sleepy,Sleepy,,,0717,230949
FZYA9D3WRHL49G6GUHNJ,26,Sleepy,others,,,0718,135545
FZYA9D3WRHL49G6GUHNJ,27,Sleepy,others,,,0718,140706
FZYA9D3WRHL49G6GUHNJ,28,Sleepy,others,,,0718,142024
FZYA9D3WRHL49G6GUHNJ,29,Hungry,others,,,0718,144608
FZYA9D3WRHL49G6GUHNJ,30,Sleepy,Sleepy,,,0718,145417
FZYA9D3WRHL49G6GUHNJ,31,Sleepy,Sleepy,,,0718,150655
FZYA9D3WRHL49G6GUHNJ,32,Hungry,Sleepy,,,0718,153500
FZYA9D3WRHL49G6GUHNJ,33,Hungry,Hungry,,,0718,172945
FZYA9D3WRHL49G6GUHNJ,34,Hungry,Sleepy,,,0718,182722
FZYA9D3WRHL49G6GUHNJ,35,Hungry,others,,,0718,192730
FZYA9D3WRHL49G6GUHNJ,36,Sleepy,others,,,0718,195130
FZYA9D3WRHL49G6GUHNJ,37,Sleepy,Hungry,,,0718,204227
FZYA9D3WRHL49G6GUHNJ,38,Hungry,others,,,0718,211212
FZYA9D3WRHL49G6GUHNJ,39,Unwell,others,,,0718,213415
FZYA9D3WRHL49G6GUHNJ,40,Unwell,Sleepy,,,0718,220332
FZYA9D3WRHL49G6GUHNJ,41,Unwell,Sleepy,,,0718,225601
FZYA9D3WRHL49G6GUHNJ,42,Hungry,Sleepy,,,0719,101043
FZYA9D3WRHL49G6GUHNJ,43,Unwell,others,,,0719,170502
FZYA9D3WRHL49G6GUHNJ,44,Unwell,others,,,0719,171139
FZYA9D3WRHL49G6GUHNJ,45,Hungry,Hungry,,,0719,172140
FZYA9D3WRHL49G6GUHNJ,46,Sleepy,Sleepy,,,0719,173203
FZYA9D3WRHL49G6GUHNJ,47,Sleepy,Sleepy,,,0719,173931
FZYA9D3WRHL49G6GUHNJ,48,Sleepy,others,,,0719,182204
FZYA9D3WRHL49G6GUHNJ,49,Unwell,others,,,0719,185905
FZYA9D3WRHL49G6GUHNJ,50,Unwell,others,,,0719,191701
FZYA9D3WRHL49G6GUHNJ,51,Hungry,others,,,0719,194915
FZYA9D3WRHL49G6GUHNJ,52,Unwell,others,,,0719,204217
FZYA9D3WRHL49G6GUHNJ,53,Sleepy,Hungry,,,0719,223544
FZYA9D3WRHL49G6GUHNJ,54,Hungry,Sleepy,,,0720,011513
FZYA9D3WRHL49G6GUHNJ,55,Sleepy,Sleepy,,,0720,043127
FZYA9D3WRHL49G6GUHNJ,56,Hungry,Sleepy,,,0720,053632
FZYA9D3WRHL49G6GUHNJ,57,Sleepy,Sleepy,,,0720,055032
FZYA9D3WRHL49G6GUHNJ,58,Unwell,Sleepy,,,0720,123319
FZYA9D3WRHL49G6GUHNJ,59,Unwell,Sleepy,,,0720,125356
FZYA9D3WRHL49G6GUHNJ,60,Unwell,Sleepy,,,0720,130942
DRUA9D34UNL49GPGUHZJ,1,Hungry,Unwell,,,0717,094302
DRUA9D34UNL49GPGUHZJ,2,Hungry,,,,0717,094911
DRUA9D34UNL49GPGUHZJ,3,Unwell,Sleepy,,,0717,103345
DRUA9D34UNL49GPGUHZJ,4,Sleepy,Wet diaper,,,0717,122545
DRUA9D34UNL49GPGUHZJ,5,Hungry,Hungry,,,0717,151949
DRUA9D34UNL49GPGUHZJ,6,Hungry,Unwell,,,0717,153001
DRUA9D34UNL49GPGUHZJ,7,Sleepy,Unwell,,,0717,154151
DRUA9D34UNL49GPGUHZJ,8,Hungry,Sleepy,,,0717,162959
DRUA9D34UNL49GPGUHZJ,9,Hungry,others,,,0717,164018
DRUA9D34UNL49GPGUHZJ,10,Sleepy,others,,,0717,170556
DRUA9D34UNL49GPGUHZJ,11,Unwell,Sleepy,,,0717,172505
DRUA9D34UNL49GPGUHZJ,12,Hungry,others,,,0717,184043
DRUA9D34UNL49GPGUHZJ,13,Unwell,Wet diaper,,,0718,093040
DRUA9D34UNL49GPGUHZJ,14,Sleepy,Sleepy,,,0718,100016
DRUA9D34UNL49GPGUHZJ,15,Hungry,Sleepy,,,0718,103728
DRUA9D34UNL49GPGUHZJ,16,Unwell,Sleepy,,,0718,114049
DRUA9D34UNL49GPGUHZJ,17,Sleepy,Hungry,,,0718,164149
DRUA9D34UNL49GPGUHZJ,18,Sleepy,Sleepy,,,0718,175824
DRUA9D34UNL49GPGUHZJ,19,Hungry,Unwell,,,0718,184907
DRUA9D34UNL49GPGUHZJ,20,Unwell,Unwell,,,0718,194603
DRUA9D34UNL49GPGUHZJ,21,Unwell,Sleepy,,,0718,194603
DRUA9D34UNL49GPGUHZJ,22,Sleepy,Hungry,,,0719,090317
DRUA9D34UNL49GPGUHZJ,23,Unwell,Wet diaper,,,0719,130929
DRUA9D34UNL49GPGUHZJ,24,Hungry,Hungry,,,0719,141327
DRUA9D34UNL49GPGUHZJ,25,Sleepy,Unwell,,,0719,181649
DRUA9D34UNL49GPGUHZJ,26,Unwell,Hungry,,,0719,184324
DRUA9D34UNL49GPGUHZJ,27,Sleepy,Sleepy,,,0719,190647
DRUA9D34UNL49GPGUHZJ,28,Sleepy,Sleepy,,,0719,203843
DRUA9D34UNL49GPGUHZJ,29,Unwell,Unwell,,,0719,210858
DRUA9D34UNL49GPGUHZJ,30,Sleepy,Sleepy,,,0720,073337
DRUA9D34UNL49GPGUHZJ,31,Hungry,Hungry,,,0720,100450
DRUA9D34UNL49GPGUHZJ,32,Sleepy,Hungry,,,0720,103846
DRUA9D34UNL49GPGUHZJ,33,Sleepy,Unwell,,,0720,104656
DRUA9D34UNL49GPGUHZJ,34,Hungry,Sleepy,,,0720,111840
DRUA9D34UNL49GPGUHZJ,35,Hungry,Unwell,,,0720,123436
DRUA9D34UNL49GPGUHZJ,36,Hungry,Unwell,,,0720,130841
DRUA9D34UNL49GPGUHZJ,37,Hungry,Unwell,,,0720,131846
DRUA9D34UNL49GPGUHZJ,38,Hungry,Hungry,,,0720,132930
DRUA9D34UNL49GPGUHZJ,39,Hungry,Hungry,,,0720,182158
DRUA9D34UNL49GPGUHZJ,40,Hungry,Unwell,,,0720,183319
DRUA9D34UNL49GPGUHZJ,41,Sleepy,Hungry,,,0721,071104
DRUA9D34UNL49GPGUHZJ,42,Hungry,Wet diaper,,,0721,081358
DRUA9D34UNL49GPGUHZJ,43,Hungry,Unwell,,,0721,203139
DRUA9D34UNL49GPGUHZJ,44,Hungry,Wet diaper,,,0722,064721
DRUA9D34UNL49GPGUHZJ,45,Unwell,Unwell,,,0722,084835
DRUA9D34UNL49GPGUHZJ,46,Unwell,Unwell,,,0722,093019
DRUA9D34UNL49GPGUHZJ,47,Hungry,Sleepy,,,0722,094406
DRUA9D34UNL49GPGUHZJ,48,Sleepy,Sleepy,,,0722,132648
DRUA9D34UNL49GPGUHZJ,49,Sleepy,Sleepy,,,0722,143754
DRUA9D34UNL49GPGUHZJ,50,Sleepy,Unwell,,,0722,180539
DRUA9D34UNL49GPGUHZJ,51,Hungry,Wet diaper,,,0722,181954
DRUA9D34UNL49GPGUHZJ,52,Unwell,Hungry,,,0722,182734
DRUA9D34UNL49GPGUHZJ,53,Sleepy,Unwell,,,0722,193058
DRUA9D34UNL49GPGUHZJ,54,Hungry,Wet diaper,,,0722,200207
DRUA9D34UNL49GPGUHZJ,55,Sleepy,Hungry,,,0722,204911
DRUA9D34UNL49GPGUHZJ,56,Hungry,Sleepy,,,0723,085026
DRUA9D34UNL49GPGUHZJ,57,Unwell,Hungry,,,0723,104309
DRUA9D34UNL49GPGUHZJ,58,Hungry,Sleepy,,,0723,113535
DRUA9D34UNL49GPGUHZJ,59,Sleepy,Wet diaper,,,0723,121540
DRUA9D34UNL49GPGUHZJ,60,Unwell,Hungry,,,0723,122310
DVUUBD2CV1L4UG6GUHZJ,1,Sleepy,Hungry,Sleepy,,0721,112553
DVUUBD2CV1L4UG6GUHZJ,2,Hungry,Hungry,,,0721,122653
DVUUBD2CV1L4UG6GUHZJ,3,Hungry,Sleepy,,,0721,124036
DVUUBD2CV1L4UG6GUHZJ,4,Unwell,Sleepy,,,0721,125056
DVUUBD2CV1L4UG6GUHZJ,5,Hungry,Sleepy,,,0721,130034
DVUUBD2CV1L4UG6GUHZJ,6,Hungry,Sleepy,,,0721,134613
DVUUBD2CV1L4UG6GUHZJ,7,Hungry,Hungry,,,0721,140533
DVUUBD2CV1L4UG6GUHZJ,8,Hungry,others,,,0721,155125
DVUUBD2CV1L4UG6GUHZJ,9,Hungry,Hungry,,,0721,160650
DVUUBD2CV1L4UG6GUHZJ,10,Hungry,Hungry,,,0721,171101
DVUUBD2CV1L4UG6GUHZJ,11,Unwell,others,,,0721,174921
DVUUBD2CV1L4UG6GUHZJ,12,Hungry,others,,,0721,182930
DVUUBD2CV1L4UG6GUHZJ,13,Sleepy,Hungry,,,0721,195532
DVUUBD2CV1L4UG6GUHZJ,14,Unwell,others,,,0721,204218
DVUUBD2CV1L4UG6GUHZJ,15,Hungry,Hungry,,,0721,211434
DVUUBD2CV1L4UG6GUHZJ,16,Sleepy,others,,,0721,220443
DVUUBD2CV1L4UG6GUHZJ,17,Hungry,Hungry,,,0721,225640
DVUUBD2CV1L4UG6GUHZJ,18,Hungry,Hungry,,,0721,231057
DVUUBD2CV1L4UG6GUHZJ,19,Hungry,Hungry,,,0722,033407
DVUUBD2CV1L4UG6GUHZJ,20,Hungry,Hungry,,,0722,060450
DVUUBD2CV1L4UG6GUHZJ,21,Hungry,Hungry,,,0722,073431
DVUUBD2CV1L4UG6GUHZJ,22,Unwell,Hungry,,,0722,110604
DVUUBD2CV1L4UG6GUHZJ,23,Hungry,Hungry,,,0722,134430
DVUUBD2CV1L4UG6GUHZJ,24,Hungry,Hungry,,,0722,190501
DVUUBD2CV1L4UG6GUHZJ,25,Unwell,Hungry,,,0722,192015
DVUUBD2CV1L4UG6GUHZJ,26,Hungry,Hungry,,,0722,205211
DVUUBD2CV1L4UG6GUHZJ,27,Hungry,Hungry,,,0722,211910
DVUUBD2CV1L4UG6GUHZJ,28,Hungry,Hungry,,,0722,213811
DVUUBD2CV1L4UG6GUHZJ,29,Unknown,Hungry,others,,0722,214818
DVUUBD2CV1L4UG6GUHZJ,30,Hungry,Hungry,,,0722,221603
DVUUBD2CV1L4UG6GUHZJ,31,Unwell,Sleepy,,,0722,222705
DVUUBD2CV1L4UG6GUHZJ,32,Unwell,Hungry,,,0722,225716
DVUUBD2CV1L4UG6GUHZJ,33,Sleepy,Hungry,Sleepy,,0723,005748
DVUUBD2CV1L4UG6GUHZJ,34,Hungry,Hungry,,,0723,051847
DVUUBD2CV1L4UG6GUHZJ,35,Sleepy,Hungry,Sleepy,,0723,075911
DVUUBD2CV1L4UG6GUHZJ,36,Sleepy,others,,,0723,083549
DVUUBD2CV1L4UG6GUHZJ,37,Unwell,Hungry,,,0723,090552
DVUUBD2CV1L4UG6GUHZJ,38,Hungry,Sleepy,Unwell,,0723,100228
DVUUBD2CV1L4UG6GUHZJ,39,Unknown,Sleepy,,,0723,102240
DVUUBD2CV1L4UG6GUHZJ,40,Sleepy,Sleepy,,,0723,113138
DVUUBD2CV1L4UG6GUHZJ,41,Unwell,Hungry,,,0723,133134
DVUUBD2CV1L4UG6GUHZJ,42,Unwell,Hungry,,,0723,144702
DVUUBD2CV1L4UG6GUHZJ,43,Unwell,Sleepy,,,0723,145704
DVUUBD2CV1L4UG6GUHZJ,44,Unwell,Hungry,,,0723,150618
DVUUBD2CV1L4UG6GUHZJ,45,Unwell,Hungry,,,0723,164008
DVUUBD2CV1L4UG6GUHZJ,46,Hungry,Hungry,,,0723,184823
DVUUBD2CV1L4UG6GUHZJ,47,Unwell,Hungry,,,0723,185803
DVUUBD2CV1L4UG6GUHZJ,48,Unknown,Hungry,,,0723,185828
DVUUBD2CV1L4UG6GUHZJ,49,Hungry,Hungry,,,0723,194523
DVUUBD2CV1L4UG6GUHZJ,50,Hungry,Hungry,,,0723,202552
DVUUBD2CV1L4UG6GUHZJ,51,Unwell,Hungry,Sleepy,,0723,204740
DVUUBD2CV1L4UG6GUHZJ,52,Unwell,Hungry,,,0723,221538
DVUUBD2CV1L4UG6GUHZJ,53,Hungry,Hungry,,,0723,222627
DVUUBD2CV1L4UG6GUHZJ,54,Hungry,others,,,0723,225015
DVUUBD2CV1L4UG6GUHZJ,55,Unwell,others,,,0723,225741
DVUUBD2CV1L4UG6GUHZJ,56,Unwell,Hungry,,,0724,032137
DVUUBD2CV1L4UG6GUHZJ,57,Sleepy,Sleepy,,,0724,033213
DVUUBD2CV1L4UG6GUHZJ,58,Unwell,Sleepy,,,0724,114733
DVUUBD2CV1L4UG6GUHZJ,59,Hungry,Hungry,,,0724,162740
DVUUBD2CV1L4UG6GUHZJ,60,Unwell,Sleepy,,,0724,163904
F7KA8T2CYVLWBG6GYHF1,1,Sleepy,Sleepy,,,0718,204254
F7KA8T2CYVLWBG6GYHF1,2,Hungry,Hungry,,,0718,223151
F7KA8T2CYVLWBG6GYHF1,3,Sleepy,Sleepy,,,0718,230931
F7KA8T2CYVLWBG6GYHF1,4,Hungry,Hungry,,,0719,064638
F7KA8T2CYVLWBG6GYHF1,5,Hungry,Wet diaper,,,0719,132638
F7KA8T2CYVLWBG6GYHF1,6,Sleepy,Sleepy,,,0719,171141
F7KA8T2CYVLWBG6GYHF1,7,Hungry,Hungry,,,0719,151645
F7KA8T2CYVLWBG6GYHF1,8,Unwell,Unwell,,,0719,181453
F7KA8T2CYVLWBG6GYHF1,9,Unwell,Hungry,,,0719,185432
F7KA8T2CYVLWBG6GYHF1,10,Sleepy,Sleepy,,,0722,230927
F7KA8T2CYVLWBG6GYHF1,11,Sleepy,Sleepy,,,0723,083313
F7KA8T2CYVLWBG6GYHF1,12,Hungry,Hungry,,,0723,111521
F7KA8T2CYVLWBG6GYHF1,13,Hungry,Sleepy,,,0723,115956
F7KA8T2CYVLWBG6GYHF1,14,Unwell,Sleepy,,,0723,121852
F7KA8T2CYVLWBG6GYHF1,15,Hungry,Hungry,,,0723,143650
F7KA8T2CYVLWBG6GYHF1,16,Sleepy,Hungry,,,0723,150554
F7KA8T2CYVLWBG6GYHF1,17,Sleepy,Wet diaper,,,0723,152449
F7KA8T2CYVLWBG6GYHF1,18,Unwell,Hungry,,,0723,203421
F7KA8T2CYVLWBG6GYHF1,19,Hungry,Hungry,,,0724,084433
F7KA8T2CYVLWBG6GYHF1,20,Hungry,others,,,0724,111210
F7KA8T2CYVLWBG6GYHF1,21,Hungry,Hungry,,,0724,161316
F7KA8T2CYVLWBG6GYHF1,22,Sleepy,Sleepy,,,0724,174611
F7KA8T2CYVLWBG6GYHF1,23,Hungry,Hungry,,,0725,104315
F7KA8T2CYVLWBG6GYHF1,24,Sleepy,Sleepy,,,0725,161648
F7KA8T2CYVLWBG6GYHF1,25,Hungry,Hungry,,,0725,224529
F7KA8T2CYVLWBG6GYHF1,26,Sleepy,Sleepy,,,0725,225539
F7KA8T2CYVLWBG6GYHF1,27,Sleepy,Sleepy,,,0726,061253
F7KA8T2CYVLWBG6GYHF1,28,Hungry,Hungry,,,0726,115442
F7KA8T2CYVLWBG6GYHF1,29,Hungry,Hungry,,,0726,150921
F7KA8T2CYVLWBG6GYHF1,30,Sleepy,Sleepy,,,0726,161246
F7KA8T2CYVLWBG6GYHF1,31,Unwell,Unwell,,,0729,101023
F7KA8T2CYVLWBG6GYHF1,32,Unwell,Hungry,,,0729,105854
F7KA8T2CYVLWBG6GYHF1,33,Hungry,Hungry,,,0729,123351
F7KA8T2CYVLWBG6GYHF1,34,Unwell,Unwell,,,0729,132649
F7KA8T2CYVLWBG6GYHF1,35,Sleepy,Sleepy,,,0729,143941
F7KA8T2CYVLWBG6GYHF1,36,Hungry,Hungry,,,0729,164858
F7KA8T2CYVLWBG6GYHF1,37,Unwell,Unwell,,,0729,172944
F7KA8T2CYVLWBG6GYHF1,38,Sleepy,Sleepy,,,0729,184210
F7KA8T2CYVLWBG6GYHF1,39,Hungry,Hungry,,,0729,231158
F7KA8T2CYVLWBG6GYHF1,40,Unwell,Sleepy,,,0729,232738
F7KA8T2CYVLWBG6GYHF1,41,Sleepy,Sleepy,,,0730,063506
F7KA8T2CYVLWBG6GYHF1,42,Hungry,Sleepy,,,0730,063839
F7KA8T2CYVLWBG6GYHF1,43,Unwell,Unwell,,,0730,130904
F7KA8T2CYVLWBG6GYHF1,44,Unwell,Unwell,,,0730,134353
F7KA8T2CYVLWBG6GYHF1,45,Hungry,Hungry,,,0730,165859
F7KA8T2CYVLWBG6GYHF1,46,Hungry,Hungry,,,0730,173653
F7KA8T2CYVLWBG6GYHF1,47,Hungry,Hungry,,,0730,194956
F7KA8T2CYVLWBG6GYHF1,48,Unwell,Unwell,,,0730,234353
F7KA8T2CYVLWBG6GYHF1,49,Hungry,Hungry,,,0731,000328
F7KA8T2CYVLWBG6GYHF1,50,Sleepy,Sleepy,,,0731,001411
F7KA8T2CYVLWBG6GYHF1,51,Unwell,others,,,0731,100217
F7KA8T2CYVLWBG6GYHF1,52,Hungry,Hungry,,,0731,101015
F7KA8T2CYVLWBG6GYHF1,53,Hungry,Hungry,,,0731,101754
F7KA8T2CYVLWBG6GYHF1,54,Sleepy,Sleepy,,,0731,105449
F7KA8T2CYVLWBG6GYHF1,55,Sleepy,Wet diaper,,,0731,112343
F7KA8T2CYVLWBG6GYHF1,56,Hungry,Hungry,,,0731,141749
F7KA8T2CYVLWBG6GYHF1,57,Sleepy,Sleepy,,,0731,151509
F7KA8T2CYVLWBG6GYHF1,58,Sleepy,Sleepy,,,0731,152755
F7KA8T2CYVLWBG6GYHF1,59,Unwell,Unwell,,,0731,153806
F7KA8T2CYVLWBG6GYHF1,60,Sleepy,Sleepy,,,0731,171547
DFPUBX3WZZ3WTHPGUHF1,1,Unwell,Hungry,Wet diaper,,0720,032326
DFPUBX3WZZ3WTHPGUHF1,2,Sleepy,Sleepy,,,0720,170856
DFPUBX3WZZ3WTHPGUHF1,3,Hungry,Hungry,,,0720,171905
DFPUBX3WZZ3WTHPGUHF1,4,Sleepy,Hungry,Sleepy,,0720,174408
DFPUBX3WZZ3WTHPGUHF1,5,Unwell,Hungry,,,0720,174956
DFPUBX3WZZ3WTHPGUHF1,6,Unwell,Unwell,,,0720,212733
DFPUBX3WZZ3WTHPGUHF1,7,Hungry,Hungry,Wet diaper,,0720,215805
DFPUBX3WZZ3WTHPGUHF1,8,Unwell,Hungry,Wet diaper,,0721,031222
DFPUBX3WZZ3WTHPGUHF1,9,Hungry,Hungry,Wet diaper,,0721,071021
DFPUBX3WZZ3WTHPGUHF1,10,Hungry,others,,,0721,084343
DFPUBX3WZZ3WTHPGUHF1,11,Hungry,others,,,0721,092228
DFPUBX3WZZ3WTHPGUHF1,12,Hungry,Hungry,,,0721,112428
DFPUBX3WZZ3WTHPGUHF1,13,Hungry,Hungry,Wet diaper,,0721,113621
DFPUBX3WZZ3WTHPGUHF1,14,Hungry,Hungry,,,0721,115311
DFPUBX3WZZ3WTHPGUHF1,15,Hungry,others,,,0721,135020
DFPUBX3WZZ3WTHPGUHF1,16,Unwell,Hungry,,,0721,144447
DFPUBX3WZZ3WTHPGUHF1,17,Unwell,others,,,0721,145805
DFPUBX3WZZ3WTHPGUHF1,18,Hungry,Hungry,Wet diaper,,0721,175454
DFPUBX3WZZ3WTHPGUHF1,19,Hungry,others,,,0721,180656
DFPUBX3WZZ3WTHPGUHF1,20,Sleepy,others,,,0721,181541
DFPUBX3WZZ3WTHPGUHF1,21,Unwell,Hungry,,,0721,182833
DFPUBX3WZZ3WTHPGUHF1,22,Sleepy,Hungry,,,0721,212135
DFPUBX3WZZ3WTHPGUHF1,23,Sleepy,Hungry,Wet diaper,,0722,064658
DFPUBX3WZZ3WTHPGUHF1,24,Hungry,Wet diaper,,,0722,091102
DFPUBX3WZZ3WTHPGUHF1,25,Hungry,others,,,0722,092642
DFPUBX3WZZ3WTHPGUHF1,26,Sleepy,others,,,0722,094532
DFPUBX3WZZ3WTHPGUHF1,27,Hungry,others,,,0722,095605
DFPUBX3WZZ3WTHPGUHF1,28,Sleepy,Hungry,,,0722,100213
DFPUBX3WZZ3WTHPGUHF1,29,Hungry,others,,,0722,110135
DFPUBX3WZZ3WTHPGUHF1,30,Unwell,Sleepy,,,0722,163754
DFPUBX3WZZ3WTHPGUHF1,31,Unwell,Sleepy,,,0722,165340
DFPUBX3WZZ3WTHPGUHF1,32,Unwell,Sleepy,,,0722,170622
DFPUBX3WZZ3WTHPGUHF1,33,Sleepy,Sleepy,,,0722,171611
DFPUBX3WZZ3WTHPGUHF1,34,Hungry,Hungry,,,0722,183721
DFPUBX3WZZ3WTHPGUHF1,35,Sleepy,Sleepy,,,0722,213138
DFPUBX3WZZ3WTHPGUHF1,36,Sleepy,Hungry,Sleepy,,0722,220913
DFPUBX3WZZ3WTHPGUHF1,37,Hungry,others,,,0723,080134
DFPUBX3WZZ3WTHPGUHF1,38,Unwell,Hungry,,,0723,081839
DFPUBX3WZZ3WTHPGUHF1,39,Hungry,others,,,0723,112545
DFPUBX3WZZ3WTHPGUHF1,40,Hungry,Hungry,Wet diaper,,0723,164734
DFPUBX3WZZ3WTHPGUHF1,41,Sleepy,Hungry,,,0723,170721
DFPUBX3WZZ3WTHPGUHF1,42,Hungry,Hungry,,,0723,171720
DFPUBX3WZZ3WTHPGUHF1,43,Sleepy,others,,,0723,180618
DFPUBX3WZZ3WTHPGUHF1,44,Unwell,Sleepy,,,0723,203237
DFPUBX3WZZ3WTHPGUHF1,45,Hungry,Hungry,,,0723,213033
DFPUBX3WZZ3WTHPGUHF1,46,Unwell,others,,,0724,084402
DFPUBX3WZZ3WTHPGUHF1,47,Sleepy,others,,,0724,084749
DFPUBX3WZZ3WTHPGUHF1,48,Unwell,others,,,0724,151236
DFPUBX3WZZ3WTHPGUHF1,49,Sleepy,others,,,0724,152720
DFPUBX3WZZ3WTHPGUHF1,50,Unwell,Hungry,,,0724,153839
DFPUBX3WZZ3WTHPGUHF1,51,Unwell,others,,,0724,164832
DFPUBX3WZZ3WTHPGUHF1,52,Sleepy,others,,,0724,165518
DFPUBX3WZZ3WTHPGUHF1,53,Sleepy,others,,,0724,172327
DFPUBX3WZZ3WTHPGUHF1,54,Unwell,others,,,0724,173447
DFPUBX3WZZ3WTHPGUHF1,55,Sleepy,Sleepy,,,0724,174925
DFPUBX3WZZ3WTHPGUHF1,56,Hungry,Sleepy,,,0724,180608
DFPUBX3WZZ3WTHPGUHF1,57,Unwell,Hungry,,,0724,190333
DFPUBX3WZZ3WTHPGUHF1,58,Sleepy,others,,,0724,192422
DFPUBX3WZZ3WTHPGUHF1,59,Hungry,others,,,0724,193615
DFPUBX3WZZ3WTHPGUHF1,60,Hungry,others,,,0724,214418
F7UU8H34KB348H6GYHXJ,1,Sleepy,Wet diaper,,,0717,085146
F7UU8H34KB348H6GYHXJ,2,Hungry,Hungry,,,0717,122227
F7UU8H34KB348H6GYHXJ,3,Hungry,Sleepy,,,0717,132108
F7UU8H34KB348H6GYHXJ,4,Sleepy,Sleepy,,,0717,150002
F7UU8H34KB348H6GYHXJ,5,Unwell,Sleepy,,,0717,165450
F7UU8H34KB348H6GYHXJ,6,Hungry,Sleepy,,,0717,204856
F7UU8H34KB348H6GYHXJ,7,Hungry,Sleepy,,,0717,210101
F7UU8H34KB348H6GYHXJ,8,Unwell,Unwell,,,0717,214032
F7UU8H34KB348H6GYHXJ,9,Hungry,Unwell,,,0717,215053
F7UU8H34KB348H6GYHXJ,10,Sleepy,Sleepy,,,0717,220154
F7UU8H34KB348H6GYHXJ,11,Hungry,Unwell,,,0717,221507
F7UU8H34KB348H6GYHXJ,12,Hungry,Unwell,,,0717,222702
F7UU8H34KB348H6GYHXJ,13,Hungry,Unwell,,,0717,230802
F7UU8H34KB348H6GYHXJ,14,Hungry,Unwell,,,0717,234514
F7UU8H34KB348H6GYHXJ,15,Hungry,Hungry,,,0718,155738
F7UU8H34KB348H6GYHXJ,16,Hungry,others,,,0718,162848
F7UU8H34KB348H6GYHXJ,17,Sleepy,others,,,0718,164845
F7UU8H34KB348H6GYHXJ,18,Hungry,Sleepy,,,0718,203059
F7UU8H34KB348H6GYHXJ,19,Sleepy,Sleepy,,,0718,203647
F7UU8H34KB348H6GYHXJ,20,Sleepy,Unwell,,,0718,204753
F7UU8H34KB348H6GYHXJ,21,Unwell,Unwell,,,0718,205806
F7UU8H34KB348H6GYHXJ,22,Sleepy,Sleepy,,,0718,210742
F7UU8H34KB348H6GYHXJ,23,Unwell,Wet diaper,,,0719,010839
F7UU8H34KB348H6GYHXJ,24,Unwell,others,,,0719,073201
F7UU8H34KB348H6GYHXJ,25,Sleepy,others,,,0719,074446
F7UU8H34KB348H6GYHXJ,26,Sleepy,Sleepy,,,0719,113907
F7UU8H34KB348H6GYHXJ,27,Unwell,Sleepy,,,0719,122141
F7UU8H34KB348H6GYHXJ,28,Sleepy,Sleepy,,,0719,204805
F7UU8H34KB348H6GYHXJ,29,Hungry,Sleepy,,,0719,205809
F7UU8H34KB348H6GYHXJ,30,Sleepy,Sleepy,,,0719,210528
F7UU8H34KB348H6GYHXJ,31,Hungry,Sleepy,,,0719,211601
F7UU8H34KB348H6GYHXJ,32,Sleepy,others,,,0720,072603
F7UU8H34KB348H6GYHXJ,33,Sleepy,Sleepy,,,0720,094132
F7UU8H34KB348H6GYHXJ,34,Unwell,Sleepy,,,0720,095337
F7UU8H34KB348H6GYHXJ,35,Unwell,others,,,0720,140703
F7UU8H34KB348H6GYHXJ,36,Unwell,others,,,0720,141822
F7UU8H34KB348H6GYHXJ,37,Sleepy,Sleepy,,,0720,152352
F7UU8H34KB348H6GYHXJ,38,Unwell,Sleepy,,,0720,154535
F7UU8H34KB348H6GYHXJ,39,Unwell,Sleepy,,,0720,160502
F7UU8H34KB348H6GYHXJ,40,Hungry,Hungry,,,0720,161814
F7UU8H34KB348H6GYHXJ,41,Sleepy,Sleepy,,,0720,203849
F7UU8H34KB348H6GYHXJ,42,Sleepy,Sleepy,,,0720,205038
F7UU8H34KB348H6GYHXJ,43,Sleepy,Sleepy,,,0720,210451
F7UU8H34KB348H6GYHXJ,44,Unwell,Wet diaper,,,0721,015216
F7UU8H34KB348H6GYHXJ,45,Hungry,Sleepy,,,0721,100533
F7UU8H34KB348H6GYHXJ,46,Hungry,Hungry,,,0721,094219
F7UU8H34KB348H6GYHXJ,47,Hungry,Hungry,,,0721,135544
F7UU8H34KB348H6GYHXJ,48,Hungry,Sleepy,,,0721,140555
F7UU8H34KB348H6GYHXJ,49,Sleepy,Sleepy,,,0721,143352
F7UU8H34KB348H6GYHXJ,50,Hungry,Sleepy,,,0721,144534
F7UU8H34KB348H6GYHXJ,51,Sleepy,Sleepy,,,0721,151456
F7UU8H34KB348H6GYHXJ,52,Sleepy,Sleepy,,,0721,161601
F7UU8H34KB348H6GYHXJ,53,Hungry,Sleepy,,,0721,164711
F7UU8H34KB348H6GYHXJ,54,Sleepy,Sleepy,,,0721,195009
F7UU8H34KB348H6GYHXJ,55,Hungry,Sleepy,,,0721,201120
F7UU8H34KB348H6GYHXJ,56,Hungry,Sleepy,,,0721,202203
F7UU8H34KB348H6GYHXJ,57,Unwell,Sleepy,,,0721,202510
F7UU8H34KB348H6GYHXJ,58,Unwell,Sleepy,,,0721,203520
F7UU8H34KB348H6GYHXJ,59,Hungry,Sleepy,,,0721,204707
F7UU8H34KB348H6GYHXJ,60,Unwell,Sleepy,,,0721,205731
D7UU8X3CKVL4BHPGUHD1,1,Unwell,others,,,0723,212557
D7UU8X3CKVL4BHPGUHD1,2,Sleepy,Hungry,Sleepy,,0723,213605
D7UU8X3CKVL4BHPGUHD1,3,Unwell,Hungry,Sleepy,,0723,214633
D7UU8X3CKVL4BHPGUHD1,4,Unwell,Sleepy,others,,0723,215657
D7UU8X3CKVL4BHPGUHD1,5,Unwell,Sleepy,others,,0723,220128
D7UU8X3CKVL4BHPGUHD1,6,Sleepy,Sleepy,,,0723,222414
D7UU8X3CKVL4BHPGUHD1,7,Unwell,others,,,0724,081938
D7UU8X3CKVL4BHPGUHD1,8,Sleepy,Sleepy,,,0724,212905
D7UU8X3CKVL4BHPGUHD1,9,Unwell,Hungry,Sleepy,,0724,214227
D7UU8X3CKVL4BHPGUHD1,10,Unwell,Hungry,Sleepy,,0724,215402
D7UU8X3CKVL4BHPGUHD1,11,Unknown,Sleepy,,,0724,221303
D7UU8X3CKVL4BHPGUHD1,12,Hungry,Hungry,,,0730,063600
D7UU8X3CKVL4BHPGUHD1,13,Sleepy,others,,,0730,072108
D7UU8X3CKVL4BHPGUHD1,14,Unwell,others,,,0730,073702
D7UU8X3CKVL4BHPGUHD1,15,Unwell,others,,,0730,200825
D7UU8X3CKVL4BHPGUHD1,16,Sleepy,Sleepy,,,0730,201844
D7UU8X3CKVL4BHPGUHD1,17,Hungry,Sleepy,,,0730,203049
D7UU8X3CKVL4BHPGUHD1,18,Unwell,Unwell,others,,0730,205722
D7UU8X3CKVL4BHPGUHD1,19,Unwell,Unwell,others,,0730,211405
D7UU8X3CKVL4BHPGUHD1,20,Sleepy,Sleepy,,,0730,212153
D7UU8X3CKVL4BHPGUHD1,21,Sleepy,Sleepy,,,0730,213157
D7UU8X3CKVL4BHPGUHD1,22,Unwell,Sleepy,,,0730,215614
D7UU8X3CKVL4BHPGUHD1,23,Sleepy,Hungry,,,0731,073400
D7UU8X3CKVL4BHPGUHD1,24,Hungry,Hungry,,,0731,074546
D7UU8X3CKVL4BHPGUHD1,25,Sleepy,others,,,0731,075709
D7UU8X3CKVL4BHPGUHD1,26,Hungry,Hungry,,,0731,204129
D7UU8X3CKVL4BHPGUHD1,27,Unwell,Hungry,Sleepy,,0731,211159
D7UU8X3CKVL4BHPGUHD1,28,Sleepy,Hungry,Sleepy,,0731,212235
D7UU8X3CKVL4BHPGUHD1,29,Sleepy,others,,,0801,073828
D7UU8X3CKVL4BHPGUHD1,30,Sleepy,others,,,0801,075135
D7UU8X3CKVL4BHPGUHD1,31,Unwell,others,,,0801,080750
D7UU8X3CKVL4BHPGUHD1,32,Unwell,others,,,0801,202810
D7UU8X3CKVL4BHPGUHD1,33,Sleepy,others,,,0801,204029
D7UU8X3CKVL4BHPGUHD1,34,Sleepy,Hungry,Sleepy,,0801,205045
D7UU8X3CKVL4BHPGUHD1,35,Hungry,Hungry,,,0801,210952
D7UU8X3CKVL4BHPGUHD1,36,Sleepy,Sleepy,,,0801,213716
D7UU8X3CKVL4BHPGUHD1,37,Unwell,Unwell,Wet diaper,,0801,220932
D7UU8X3CKVL4BHPGUHD1,38,Sleepy,Sleepy,,,0802,070141
D7UU8X3CKVL4BHPGUHD1,39,Sleepy,Sleepy,,,0802,072353
D7UU8X3CKVL4BHPGUHD1,40,Hungry,Hungry,,,0802,073534
D7UU8X3CKVL4BHPGUHD1,41,Hungry,Hungry,,,0802,074804
D7UU8X3CKVL4BHPGUHD1,42,Sleepy,Hungry,,,0802,075758
D7UU8X3CKVL4BHPGUHD1,43,Unwell,Unwell,others,,0802,080531
D7UU8X3CKVL4BHPGUHD1,44,Hungry,others,,,0802,202606
D7UU8X3CKVL4BHPGUHD1,45,Sleepy,others,,,0802,204244
D7UU8X3CKVL4BHPGUHD1,46,Sleepy,Hungry,Sleepy,,0802,211057
D7UU8X3CKVL4BHPGUHD1,47,Hungry,Hungry,,,0802,212105
D7UU8X3CKVL4BHPGUHD1,48,Unwell,Sleepy,,,0802,212824
D7UU8X3CKVL4BHPGUHD1,49,Sleepy,Sleepy,,,0802,213858
D7UU8X3CKVL4BHPGUHD1,50,Unwell,Unwell,,,0803,003504
D7UU8X3CKVL4BHPGUHD1,51,Unwell,others,,,0803,082711
D7UU8X3CKVL4BHPGUHD1,52,Unwell,others,,,0803,090956
D7UU8X3CKVL4BHPGUHD1,53,Unwell,others,,,0803,092040
D7UU8X3CKVL4BHPGUHD1,54,Hungry,others,,,0803,093217
D7UU8X3CKVL4BHPGUHD1,55,Unwell,Sleepy,,,0803,094851
D7UU8X3CKVL4BHPGUHD1,56,Hungry,Hungry,Sleepy,,0803,101426
D7UU8X3CKVL4BHPGUHD1,57,Sleepy,others,,,0803,112423
D7UU8X3CKVL4BHPGUHD1,58,Sleepy,Sleepy,,,0803,115324
D7UU8X3CKVL4BHPGUHD1,59,Sleepy,Sleepy,,,0803,123119
D7UU8X3CKVL4BHPGUHD1,60,Unwell,Unwell,others,,0803,124127
D3YABT34V734UGPGUHX1,1,Unwell,others,,,0719,224335
D3YABT34V734UGPGUHX1,2,Hungry,Hungry,,,0719,230654
D3YABT34V734UGPGUHX1,3,Unwell,Hungry,,,0720,114406
D3YABT34V734UGPGUHX1,4,Sleepy,Sleepy,,,0720,224925
D3YABT34V734UGPGUHX1,5,Hungry,Hungry,,,0720,225727
D3YABT34V734UGPGUHX1,6,Sleepy,Hungry,,,0721,081159
D3YABT34V734UGPGUHX1,7,Sleepy,Sleepy,,,0721,135831
D3YABT34V734UGPGUHX1,8,Sleepy,Sleepy,,,0721,183446
D3YABT34V734UGPGUHX1,9,Hungry,Hungry,,,0721,223257
D3YABT34V734UGPGUHX1,10,Unwell,Unwell,,,0721,230740
D3YABT34V734UGPGUHX1,11,Hungry,Sleepy,,,0721,232933
D3YABT34V734UGPGUHX1,12,Hungry,Sleepy,,,0722,000220
D3YABT34V734UGPGUHX1,13,Unwell,Unwell,,,0722,231557
D3YABT34V734UGPGUHX1,14,Unwell,Sleepy,,,0722,235132
D3YABT34V734UGPGUHX1,15,Sleepy,Sleepy,,,0723,000405
D3YABT34V734UGPGUHX1,16,Hungry,Sleepy,,,0723,001529
D3YABT34V734UGPGUHX1,17,Unwell,Hungry,,,0723,113209
D3YABT34V734UGPGUHX1,18,Sleepy,Sleepy,,,0723,124828
D3YABT34V734UGPGUHX1,19,Unwell,Sleepy,,,0723,125516
D3YABT34V734UGPGUHX1,20,Hungry,Unwell,others,,0723,153058
D3YABT34V734UGPGUHX1,21,Sleepy,Sleepy,,,0723,184052
D3YABT34V734UGPGUHX1,22,Hungry,Sleepy,,,0723,234906
D3YABT34V734UGPGUHX1,23,Hungry,Sleepy,,,0724,000335
D3YABT34V734UGPGUHX1,24,Hungry,Hungry,,,0724,041552
D3YABT34V734UGPGUHX1,25,Hungry,Sleepy,,,0724,233533
D3YABT34V734UGPGUHX1,26,Unwell,Hungry,Sleepy,,0724,235543
D3YABT34V734UGPGUHX1,27,Sleepy,Hungry,Sleepy,,0725,000025
D3YABT34V734UGPGUHX1,28,Unwell,Hungry,,,0725,072133
D3YABT34V734UGPGUHX1,29,Unwell,others,,,0725,103552
D3YABT34V734UGPGUHX1,30,Unwell,Hungry,,,0725,111205
D3YABT34V734UGPGUHX1,31,Unwell,Sleepy,,,0725,215746
D3YABT34V734UGPGUHX1,32,Hungry,Sleepy,,,0725,220509
D3YABT34V734UGPGUHX1,33,Unwell,Hungry,,,0725,232635
D3YABT34V734UGPGUHX1,34,Unwell,Sleepy,,,0726,000534
D3YABT34V734UGPGUHX1,35,Sleepy,Hungry,Sleepy,,0726,144151
D3YABT34V734UGPGUHX1,36,Unwell,Hungry,Sleepy,,0726,150653
D3YABT34V734UGPGUHX1,37,Unknown,Wet diaper,,,0726,1948
D3YABT34V734UGPGUHX1,38,Unknown,others,,,0726,1959
D3YABT34V734UGPGUHX1,39,Unknown,others,,,0726,2019
D3YABT34V734UGPGUHX1,40,Unknown,Sleepy,,,0726,2151
D3YABT34V734UGPGUHX1,41,Unknown,Hungry,,,0726,2222
D3YABT34V734UGPGUHX1,42,Unknown,Hungry,,,0727,0857~0911
D3YABT34V734UGPGUHX1,43,Unknown,others,,,0727,0939
D3YABT34V734UGPGUHX1,44,Unknown,Sleepy,,,0727,0958
D3YABT34V734UGPGUHX1,45,Unknown,Sleepy,,,0727,1016-1052
D3YABT34V734UGPGUHX1,46,Unknown,others,,,0727,1118-1136
D3YABT34V734UGPGUHX1,47,Unknown,Sleepy,,,0727,1247
D3YABT34V734UGPGUHX1,48,Unknown,Sleepy,,,0727,1315
D3YABT34V734UGPGUHX1,49,Unknown,others,,,0727,1813
D3YABT34V734UGPGUHX1,50,Unknown,Sleepy,others,,0727,2203
D3YABT34V734UGPGUHX1,51,Unknown,Hungry,Sleepy,,0727,2259
D3YABT34V734UGPGUHX1,52,Sleepy,Sleepy,,,0804,215633
D3YABT34V734UGPGUHX1,53,Hungry,Sleepy,,,0804,2315
D3YABT34V734UGPGUHX1,54,Sleepy,Hungry,,,0813,0923
D3YABT34V734UGPGUHX1,55,Sleepy,others,,,0813,0953
D3YABT34V734UGPGUHX1,56,Unwell,Hungry,,,0813,2032
D3YABT34V734UGPGUHX1,57,Unwell,Sleepy,,,0813,2301
D3YABT34V734UGPGUHX1,58,Unknown,Hungry,,,0814,1823
D3YABT34V734UGPGUHX1,59,Unwell,Sleepy,,,0814,2039
D3YABT34V734UGPGUHX1,60,Unwell,Hungry,,,0814,2057
DFKUBD3WY5LCUHPGUHDJ,1,Sleepy,Hungry,,,0718,1635
DFKUBD3WY5LCUHPGUHDJ,2,Hungry,Hungry,,,0718,1617
DFKUBD3WY5LCUHPGUHDJ,3,Sleepy,others,,,0718,1945
DFKUBD3WY5LCUHPGUHDJ,4,Hungry,Hungry,,,0718,1956
DFKUBD3WY5LCUHPGUHDJ,5,Sleepy,others,,,0718,2049
DFKUBD3WY5LCUHPGUHDJ,6,Hungry,others,,,0718,2128
DFKUBD3WY5LCUHPGUHDJ,7,Hungry,Unwell,,,0718,0904
DFKUBD3WY5LCUHPGUHDJ,8,Hungry,Hungry,,,0719,1153
DFKUBD3WY5LCUHPGUHDJ,9,Hungry,others,,,0719,1224
DFKUBD3WY5LCUHPGUHDJ,10,Unwell,Sleepy,,,0719,1348
DFKUBD3WY5LCUHPGUHDJ,11,Hungry,Unwell,,,0719,2057
DFKUBD3WY5LCUHPGUHDJ,12,Hungry,Unwell,,,0719,2127
DFKUBD3WY5LCUHPGUHDJ,13,Sleepy,Unwell,,,0719,2137
DFKUBD3WY5LCUHPGUHDJ,14,Sleepy,others,,,0719,2152
DFKUBD3WY5LCUHPGUHDJ,15,Unwell,others,,,0720,0920
DFKUBD3WY5LCUHPGUHDJ,16,Sleepy,others,,,0720,0731
DFKUBD3WY5LCUHPGUHDJ,17,Sleepy,Sleepy,,,0720,0946
DFKUBD3WY5LCUHPGUHDJ,18,Hungry,,,,0720,1124
DFKUBD3WY5LCUHPGUHDJ,19,Sleepy,Hungry,,,0720,1151
DFKUBD3WY5LCUHPGUHDJ,20,Sleepy,Hungry,,,0720,1151
DFKUBD3WY5LCUHPGUHDJ,21,,,,,,
DFKUBD3WY5LCUHPGUHDJ,22,,,,,,
DFKUBD3WY5LCUHPGUHDJ,23,,,,,,
DFKUBD3WY5LCUHPGUHDJ,24,,,,,,
DFKUBD3WY5LCUHPGUHDJ,25,,,,,,
DFKUBD3WY5LCUHPGUHDJ,26,,,,,,
DFKUBD3WY5LCUHPGUHDJ,27,,,,,,
DFKUBD3WY5LCUHPGUHDJ,28,,,,,,
DFKUBD3WY5LCUHPGUHDJ,29,,,,,,
DFKUBD3WY5LCUHPGUHDJ,30,,,,,,
DFKUBD3WY5LCUHPGUHDJ,31,,,,,,
DFKUBD3WY5LCUHPGUHDJ,32,,,,,,
DFKUBD3WY5LCUHPGUHDJ,33,,,,,,
DFKUBD3WY5LCUHPGUHDJ,34,,,,,,
DFKUBD3WY5LCUHPGUHDJ,35,,,,,,
DFKUBD3WY5LCUHPGUHDJ,36,,,,,,
DFKUBD3WY5LCUHPGUHDJ,37,,,,,,
DFKUBD3WY5LCUHPGUHDJ,38,,,,,,
DFKUBD3WY5LCUHPGUHDJ,39,,,,,,
DFKUBD3WY5LCUHPGUHDJ,40,,,,,,
DFKUBD3WY5LCUHPGUHDJ,41,Hungry,Hungry,,,0725,1154
DFKUBD3WY5LCUHPGUHDJ,42,Sleepy,others,,,0726,0931
DFKUBD3WY5LCUHPGUHDJ,43,Unwell,Hungry,,,,1252
DFKUBD3WY5LCUHPGUHDJ,44,Unknown,others,,,,1747
DFKUBD3WY5LCUHPGUHDJ,45,Unknown,Sleepy,,,0727,0732
DFKUBD3WY5LCUHPGUHDJ,46,Unknown,Hungry,,,,1201
DFKUBD3WY5LCUHPGUHDJ,47,Unknown,Sleepy,,,,1807
DFKUBD3WY5LCUHPGUHDJ,48,Sleepy,Hungry,,,0730,1211
DFKUBD3WY5LCUHPGUHDJ,49,Hungry,others,,,,1257
DFKUBD3WY5LCUHPGUHDJ,50,Sleepy,Sleepy,,,0731,1000
DFKUBD3WY5LCUHPGUHDJ,51,Sleepy,Hungry,,,0720,1202
DFKUBD3WY5LCUHPGUHDJ,52,Hungry,others,,,0721,0817
DFKUBD3WY5LCUHPGUHDJ,53,Sleepy,Sleepy,,,0721,0952
DFKUBD3WY5LCUHPGUHDJ,54,Sleepy,Sleepy,,,0721,1020
DFKUBD3WY5LCUHPGUHDJ,55,Unwell,Sleepy,,,0721,1144
DFKUBD3WY5LCUHPGUHDJ,56,Hungry,Sleepy,,,0721,1447
DFKUBD3WY5LCUHPGUHDJ,57,Hungry,Sleepy,others,,0725,0954
DFKUBD3WY5LCUHPGUHDJ,58,Hungry,Sleepy,,,0725,1042
DFKUBD3WY5LCUHPGUHDJ,59,Hungry,others,,,0725,1102
DFKUBD3WY5LCUHPGUHDJ,60,Hungry,others,,,0725,1135
DFYU992MZ53WVG6GYHDJ,1,Unwell,Sleepy,Unwell,others,0731,231640
DFYU992MZ53WVG6GYHDJ,2,Unwell,Sleepy,Unwell,others,0731,234529
DFYU992MZ53WVG6GYHDJ,3,Unwell,Sleepy,,,0731,194725
DFYU992MZ53WVG6GYHDJ,4,Unwell,Sleepy,,,0731,195207
DFYU992MZ53WVG6GYHDJ,5,Hungry,Hungry,Sleepy,,0731,203901
DFYU992MZ53WVG6GYHDJ,6,Sleepy,Sleepy,,,0802,043556
DFYU992MZ53WVG6GYHDJ,7,Sleepy,Sleepy,,,0802,051229
DFYU992MZ53WVG6GYHDJ,8,Hungry,Sleepy,Unwell,,0802,052652
DFYU992MZ53WVG6GYHDJ,9,Unwell,Sleepy,Unwell,,0802,054046
DFYU992MZ53WVG6GYHDJ,10,Hungry,Hungry,,,0802,125301
DFYU992MZ53WVG6GYHDJ,11,Sleepy,Hungry,Sleepy,,0802,162311
DFYU992MZ53WVG6GYHDJ,12,Hungry,Hungry,,,0802,192946
DFYU992MZ53WVG6GYHDJ,13,Sleepy,Sleepy,,,0802,205756
DFYU992MZ53WVG6GYHDJ,14,Sleepy,Sleepy,others,,0802,224546
DFYU992MZ53WVG6GYHDJ,15,Hungry,Hungry,Sleepy,,0803,032129
DFYU992MZ53WVG6GYHDJ,16,Unwell,Hungry,,,0803,034031
DFYU992MZ53WVG6GYHDJ,17,Sleepy,Hungry,Sleepy,,0804,070437
DFYU992MZ53WVG6GYHDJ,18,Hungry,Hungry,,,0804,042201
DFYU992MZ53WVG6GYHDJ,19,Sleepy,Sleepy,,,0804,065515
DFYU992MZ53WVG6GYHDJ,20,Hungry,Hungry,,,0804,034403
DFYU992MZ53WVG6GYHDJ,21,Sleepy,Hungry,Sleepy,,0804,103040
DFYU992MZ53WVG6GYHDJ,22,Unwell,Sleepy,Unwell,,0804,195343
DFYU992MZ53WVG6GYHDJ,23,Sleepy,Sleepy,,,0804,201338
DFYU992MZ53WVG6GYHDJ,24,Sleepy,Sleepy,,,0804,211212
DFYU992MZ53WVG6GYHDJ,25,Hungry,Sleepy,,,0804,220301
DFYU992MZ53WVG6GYHDJ,26,Unwell,Unwell,others,,0804,222016
DFYU992MZ53WVG6GYHDJ,27,Unwell,Sleepy,Unwell,,0804,235017
DFYU992MZ53WVG6GYHDJ,28,Sleepy,Sleepy,,,0805,064231
DFYU992MZ53WVG6GYHDJ,29,Sleepy,Sleepy,,,0805,212129
DFYU992MZ53WVG6GYHDJ,30,Unwell,Hungry,Sleepy,,0805,213347
DFYU992MZ53WVG6GYHDJ,31,Unknown,Sleepy,,,0805,220002
DFYU992MZ53WVG6GYHDJ,32,Hungry,Hungry,,,0806,054733
DFYU992MZ53WVG6GYHDJ,33,Sleepy,Sleepy,,,0806,064719
DFYU992MZ53WVG6GYHDJ,34,Unwell,Sleepy,Unwell,,0806,065655
DFYU992MZ53WVG6GYHDJ,35,Hungry,Hungry,Sleepy,,0806,0707
DFYU992MZ53WVG6GYHDJ,36,Sleepy,Hungry,Sleepy,,0806,194712
DFYU992MZ53WVG6GYHDJ,37,Sleepy,Sleepy,,,0806,201339
DFYU992MZ53WVG6GYHDJ,38,Hungry,Sleepy,,,0806,212955
DFYU992MZ53WVG6GYHDJ,39,Unwell,Sleepy,,,0806,213639
DFYU992MZ53WVG6GYHDJ,40,Sleepy,Hungry,Unwell,,0806,234001
DFYU992MZ53WVG6GYHDJ,41,Unwell,Hungry,Unwell,,0806,235720
DFYU992MZ53WVG6GYHDJ,42,Hungry,Hungry,others,,0807,000731
DFYU992MZ53WVG6GYHDJ,43,Sleepy,Sleepy,,,0807,004236
DFYU992MZ53WVG6GYHDJ,44,Hungry,Sleepy,,,0807,183119
DFYU992MZ53WVG6GYHDJ,45,Sleepy,Sleepy,,,0807,185929
DFYU992MZ53WVG6GYHDJ,46,Sleepy,Sleepy,Unwell,,0807,215242
DFYU992MZ53WVG6GYHDJ,47,Sleepy,Sleepy,Unwell,,0807,223325
DFYU992MZ53WVG6GYHDJ,48,Unwell,Sleepy,Unwell,others,0807,224004
DFYU992MZ53WVG6GYHDJ,49,Hungry,Hungry,Sleepy,,0807,225052
DFYU992MZ53WVG6GYHDJ,50,Hungry,Hungry,Sleepy,,0807,225834
DFYU992MZ53WVG6GYHDJ,51,Hungry,Hungry,,,0808,055732
DFYU992MZ53WVG6GYHDJ,52,Sleepy,Hungry,,,0808,060859
DFYU992MZ53WVG6GYHDJ,53,Hungry,Sleepy,,,0808,191401
DFYU992MZ53WVG6GYHDJ,54,Unwell,Sleepy,,,0808,192700
DFYU992MZ53WVG6GYHDJ,55,Unwell,Sleepy,,,0808,194619
DFYU992MZ53WVG6GYHDJ,56,Hungry,Hungry,Sleepy,,0809,085436
DFYU992MZ53WVG6GYHDJ,57,Hungry,Hungry,,,0809,110652
DFYU992MZ53WVG6GYHDJ,58,Unwell,Hungry,Unwell,others,0809,111657
DFYU992MZ53WVG6GYHDJ,59,Unwell,Sleepy,Unwell,others,0809,113158
DFYU992MZ53WVG6GYHDJ,60,Sleepy,others,,,0809,115037
FFYU8T2MUVL49G6GUHZJ,1,Hungry,Hungry,,,0722,0520
FFYU8T2MUVL49G6GUHZJ,2,Unwell,Unwell,,,0722,0947
FFYU8T2MUVL49G6GUHZJ,3,Unwell,Unwell,,,0722,1319
FFYU8T2MUVL49G6GUHZJ,4,Hungry,Hungry,,,0722,1333
FFYU8T2MUVL49G6GUHZJ,5,Hungry,Sleepy,,,0731,2100
FFYU8T2MUVL49G6GUHZJ,6,Unwell,Unwell,,,0731,2216
FFYU8T2MUVL49G6GUHZJ,7,Unwell,Hungry,,,0801,1314
FFYU8T2MUVL49G6GUHZJ,8,Sleepy,Sleepy,,,0801,2210
FFYU8T2MUVL49G6GUHZJ,9,Hungry,Unwell,,,0805,2130
FFYU8T2MUVL49G6GUHZJ,10,Unwell,Unwell,,,0805,2136
FFYU8T2MUVL49G6GUHZJ,11,Hungry,Sleepy,,,0805,2159
FFYU8T2MUVL49G6GUHZJ,12,Unwell,Unwell,,,0805,2210
FFYU8T2MUVL49G6GUHZJ,13,Unwell,Unwell,,,0805,2219
FFYU8T2MUVL49G6GUHZJ,14,Wet diaper,Unwell,,,0805,2249
FFYU8T2MUVL49G6GUHZJ,15,,Unwell,,,0806,0842
FFYU8T2MUVL49G6GUHZJ,16,Sleepy,others,,,0806,0931
FFYU8T2MUVL49G6GUHZJ,17,Sleepy,Hungry,,,0806,1254
FFYU8T2MUVL49G6GUHZJ,18,Unwell,Hungry,,,0806,1304
FFYU8T2MUVL49G6GUHZJ,19,Unwell,Sleepy,,,0806,2115
FFYU8T2MUVL49G6GUHZJ,20,Sleepy,Sleepy,,,0806,2125
FFYU8T2MUVL49G6GUHZJ,21,Sleepy,Sleepy,,,0806,2133
FFYU8T2MUVL49G6GUHZJ,22,Hungry,Unwell,,,0806,2157
FFYU8T2MUVL49G6GUHZJ,23,Unwell,Hungry,,,0807,0639
FFYU8T2MUVL49G6GUHZJ,24,Hungry,Hungry,,,0807,1158
FFYU8T2MUVL49G6GUHZJ,25,Unknown,Hungry,,,0807,1208
FFYU8T2MUVL49G6GUHZJ,26,Hungry,Sleepy,,,0807,2120
FFYU8T2MUVL49G6GUHZJ,27,Hungry,Sleepy,,,0807,2201
FFYU8T2MUVL49G6GUHZJ,28,Hungry,Sleepy,,,0807,2217
FFYU8T2MUVL49G6GUHZJ,29,Unwell,Sleepy,,,0807,2231
FFYU8T2MUVL49G6GUHZJ,30,Hungry,Unwell,,,0808,2100
FFYU8T2MUVL49G6GUHZJ,31,Unwell,Unwell,,,0808,2117
FFYU8T2MUVL49G6GUHZJ,32,Hungry,Sleepy,,,0808,2129
FFYU8T2MUVL49G6GUHZJ,33,Unknown,Hungry,,,0808,2148
FFYU8T2MUVL49G6GUHZJ,34,Hungry,Hungry,,,0808,2151
FFYU8T2MUVL49G6GUHZJ,35,Hungry,Hungry,,,0808,2202
FFYU8T2MUVL49G6GUHZJ,36,Sleepy,Unwell,,,0808,2210
FFYU8T2MUVL49G6GUHZJ,37,Unwell,Unwell,,,0808,2217
FFYU8T2MUVL49G6GUHZJ,38,Hungry,Sleepy,,,0808,2230
FFYU8T2MUVL49G6GUHZJ,39,Unknown,Hungry,,,0809,1055
FFYU8T2MUVL49G6GUHZJ,40,Hungry,Hungry,,,0809,2105
FFYU8T2MUVL49G6GUHZJ,41,Hungry,Hungry,,,0809,2124
FFYU8T2MUVL49G6GUHZJ,42,Unwell,Unwell,,,0812,1049
FFYU8T2MUVL49G6GUHZJ,43,Sleepy,Unwell,,,0812,1100
FFYU8T2MUVL49G6GUHZJ,44,Unwell,Hungry,,,0812,1824
FFYU8T2MUVL49G6GUHZJ,45,Unwell,Hungry,,,0812,1935
FFYU8T2MUVL49G6GUHZJ,46,Hungry,Hungry,,,0812,1946
FFYU8T2MUVL49G6GUHZJ,47,Sleepy,Unwell,,,0812,1959
FFYU8T2MUVL49G6GUHZJ,48,Unknown,Sleepy,,,0812,2010
FFYU8T2MUVL49G6GUHZJ,49,Hungry,Sleepy,,,0812,2020
FFYU8T2MUVL49G6GUHZJ,50,Sleepy,Sleepy,,,0812,2035
FFYU8T2MUVL49G6GUHZJ,51,Hungry,Sleepy,,,0812,2043
FFYU8T2MUVL49G6GUHZJ,52,Unwell,Sleepy,,,0812,2053
FFYU8T2MUVL49G6GUHZJ,53,Sleepy,Sleepy,,,0812,2106
FFYU8T2MUVL49G6GUHZJ,54,Unwell,Unwell,,,0812,2118
FFYU8T2MUVL49G6GUHZJ,55,Hungry,others,,,0812,2136
FFYU8T2MUVL49G6GUHZJ,56,Unwell,others,,,0812,2150
FFYU8T2MUVL49G6GUHZJ,57,Hungry,Sleepy,,,0813,0950
FFYU8T2MUVL49G6GUHZJ,58,Hungry,Hungry,,,0813,1404
FFYU8T2MUVL49G6GUHZJ,59,Unwell,others,,,0813,2012
FFYU8T2MUVL49G6GUHZJ,60,Hungry,Unwell,,,0813,2026
F3YA9D3MKXLMTG6GYHD1,1,Hungry,Hungry,,,0724,224817
F3YA9D3MKXLMTG6GYHD1,2,Sleepy,Hungry,,,0725,022520
F3YA9D3MKXLMTG6GYHD1,3,Hungry,Hungry,,,0725,024903
F3YA9D3MKXLMTG6GYHD1,4,Hungry,Sleepy,,,0725,085031
F3YA9D3MKXLMTG6GYHD1,5,Hungry,Sleepy,,,0725,093910
F3YA9D3MKXLMTG6GYHD1,6,Sleepy,Sleepy,others,,0725,100307
F3YA9D3MKXLMTG6GYHD1,7,Unwell,Unwell,,,0725,202701
F3YA9D3MKXLMTG6GYHD1,8,Unwell,Sleepy,,,0725,204246
F3YA9D3MKXLMTG6GYHD1,9,Hungry,Sleepy,,,0725,223653
F3YA9D3MKXLMTG6GYHD1,10,Hungry,Hungry,,,0726,023655
F3YA9D3MKXLMTG6GYHD1,11,Hungry,Hungry,,,0726,024656
F3YA9D3MKXLMTG6GYHD1,12,Hungry,Hungry,,,0726,025707
F3YA9D3MKXLMTG6GYHD1,13,Sleepy,Sleepy,,,0726,054527
F3YA9D3MKXLMTG6GYHD1,14,Hungry,Sleepy,,,0726,123632
F3YA9D3MKXLMTG6GYHD1,15,Sleepy,Sleepy,,,0726,124649
F3YA9D3MKXLMTG6GYHD1,16,Unknown,others,,,0726,130103
F3YA9D3MKXLMTG6GYHD1,17,Hungry,Hungry,Sleepy,,0726,145313
F3YA9D3MKXLMTG6GYHD1,18,Sleepy,Sleepy,,,0726,153443
F3YA9D3MKXLMTG6GYHD1,19,Unknown,Sleepy,,,0726,174650
F3YA9D3MKXLMTG6GYHD1,20,Unknown,Sleepy,,,0726,183927
F3YA9D3MKXLMTG6GYHD1,21,Unknown,Hungry,Sleepy,,0726,185052
F3YA9D3MKXLMTG6GYHD1,22,Unknown,Unwell,,,0726,200422
F3YA9D3MKXLMTG6GYHD1,23,Unknown,Sleepy,,,0726,205907
F3YA9D3MKXLMTG6GYHD1,24,Unknown,Sleepy,,,0726,211215
F3YA9D3MKXLMTG6GYHD1,25,Unknown,Sleepy,,,0726,212342
F3YA9D3MKXLMTG6GYHD1,26,Unknown,Sleepy,,,0727,085838
F3YA9D3MKXLMTG6GYHD1,27,Unknown,Sleepy,others,,0727,131150
F3YA9D3MKXLMTG6GYHD1,28,Unknown,others,,,0727,132343
F3YA9D3MKXLMTG6GYHD1,29,Unknown,others,,,0727,134654
F3YA9D3MKXLMTG6GYHD1,30,Unknown,Unwell,,,0727,135848
F3YA9D3MKXLMTG6GYHD1,31,Unwell,Sleepy,,,0729,125056
F3YA9D3MKXLMTG6GYHD1,32,Sleepy,Sleepy,,,0729,133922
F3YA9D3MKXLMTG6GYHD1,33,Hungry,Sleepy,,,0729,203813
F3YA9D3MKXLMTG6GYHD1,34,Unwell,Sleepy,,,0729,220123
F3YA9D3MKXLMTG6GYHD1,35,Unwell,Unwell,,,0730,141451
F3YA9D3MKXLMTG6GYHD1,36,Sleepy,Sleepy,,,0730,144248
F3YA9D3MKXLMTG6GYHD1,37,Hungry,Hungry,Sleepy,,0730,145313
F3YA9D3MKXLMTG6GYHD1,38,Hungry,Hungry,Sleepy,,0730,150345
F3YA9D3MKXLMTG6GYHD1,39,Hungry,Hungry,Sleepy,,0730,181150
F3YA9D3MKXLMTG6GYHD1,40,Sleepy,Sleepy,,,0730,182927
F3YA9D3MKXLMTG6GYHD1,41,Hungry,Sleepy,,,0730,235722
F3YA9D3MKXLMTG6GYHD1,42,Unwell,Sleepy,,,0731,124630
F3YA9D3MKXLMTG6GYHD1,43,Unwell,Sleepy,,,0731,125638
F3YA9D3MKXLMTG6GYHD1,44,Hungry,Sleepy,,,0731,181152
F3YA9D3MKXLMTG6GYHD1,45,Hungry,Sleepy,,,0731,182635
F3YA9D3MKXLMTG6GYHD1,46,Hungry,Sleepy,,,0731,203600
F3YA9D3MKXLMTG6GYHD1,47,Hungry,Hungry,,,0731,225946
F3YA9D3MKXLMTG6GYHD1,48,Unknown,Sleepy,,,0731,231327
F3YA9D3MKXLMTG6GYHD1,49,Hungry,Sleepy,,,0731,235049
F3YA9D3MKXLMTG6GYHD1,50,Hungry,Sleepy,,,0801,000719
F3YA9D3MKXLMTG6GYHD1,51,Hungry,Sleepy,,,0801,001343
F3YA9D3MKXLMTG6GYHD1,52,Unwell,Hungry,,,0801,034200
F3YA9D3MKXLMTG6GYHD1,53,Hungry,Sleepy,,,0801,043329
F3YA9D3MKXLMTG6GYHD1,54,Sleepy,Hungry,,,0801,065323
F3YA9D3MKXLMTG6GYHD1,55,Unwell,Sleepy,,,0801,125107
F3YA9D3MKXLMTG6GYHD1,56,Hungry,Sleepy,,,0801,134908
F3YA9D3MKXLMTG6GYHD1,57,Unwell,Hungry,,,0802,033203
F3YA9D3MKXLMTG6GYHD1,58,Unwell,Hungry,,,0802,035743
F3YA9D3MKXLMTG6GYHD1,59,Hungry,Sleepy,,,0802,040807
F3YA9D3MKXLMTG6GYHD1,60,Unwell,Sleepy,,,0802,083409
FLPAB93MK5LM9GPGUHN1,1,Sleepy,Hungry,Sleepy,,0731,001346
FLPAB93MK5LM9GPGUHN1,2,Hungry,Hungry,,,0731,094520
FLPAB93MK5LM9GPGUHN1,3,Unwell,Unwell,,,0731,102823
FLPAB93MK5LM9GPGUHN1,4,Hungry,Hungry,,,0731,124323
FLPAB93MK5LM9GPGUHN1,5,Hungry,Sleepy,,,0731,133849
FLPAB93MK5LM9GPGUHN1,6,Unknown,Hungry,,,0731,144536
FLPAB93MK5LM9GPGUHN1,7,Hungry,Wet diaper,,,0731,161830
FLPAB93MK5LM9GPGUHN1,8,Hungry,Sleepy,,,0731,164638
FLPAB93MK5LM9GPGUHN1,9,Unwell,Hungry,Sleepy,,0731,170132
FLPAB93MK5LM9GPGUHN1,10,Unwell,Hungry,,,0731,181645
FLPAB93MK5LM9GPGUHN1,11,Hungry,Hungry,,,0731,201259
FLPAB93MK5LM9GPGUHN1,12,Hungry,Hungry,,,0731,202305
FLPAB93MK5LM9GPGUHN1,13,Hungry,Hungry,,,0731,224956
FLPAB93MK5LM9GPGUHN1,14,Hungry,Hungry,,,0801,100437
FLPAB93MK5LM9GPGUHN1,15,Hungry,Sleepy,,,0801,121204
FLPAB93MK5LM9GPGUHN1,16,Sleepy,Sleepy,,,0801,123748
FLPAB93MK5LM9GPGUHN1,17,Hungry,Hungry,,,0801,131138
FLPAB93MK5LM9GPGUHN1,18,Sleepy,Sleepy,,,0801,140839
FLPAB93MK5LM9GPGUHN1,19,Unwell,Unwell,,,0801,151321
FLPAB93MK5LM9GPGUHN1,20,Sleepy,Hungry,,,0801,160617
FLPAB93MK5LM9GPGUHN1,21,Hungry,Hungry,,,0801,174326
FLPAB93MK5LM9GPGUHN1,22,Unwell,Hungry,,,0801,193555
FLPAB93MK5LM9GPGUHN1,23,Hungry,Hungry,,,0801,201835
FLPAB93MK5LM9GPGUHN1,24,Sleepy,Sleepy,,,0801,213840
FLPAB93MK5LM9GPGUHN1,25,Hungry,Hungry,,,0801,215558
FLPAB93MK5LM9GPGUHN1,26,Unwell,others,,,0801,231041
FLPAB93MK5LM9GPGUHN1,27,Sleepy,Sleepy,,,0801,232137
FLPAB93MK5LM9GPGUHN1,28,Hungry,Hungry,,,0801,234246
FLPAB93MK5LM9GPGUHN1,29,Hungry,Hungry,,,0802,001333
FLPAB93MK5LM9GPGUHN1,30,Hungry,Hungry,,,0802,082618
FLPAB93MK5LM9GPGUHN1,31,Hungry,Hungry,,,0802,095144
FLPAB93MK5LM9GPGUHN1,32,Hungry,Hungry,,,0802,121839
FLPAB93MK5LM9GPGUHN1,33,Sleepy,Sleepy,,,0802,123640
FLPAB93MK5LM9GPGUHN1,34,Unwell,Sleepy,Unwell,,0802,125117
FLPAB93MK5LM9GPGUHN1,35,Hungry,Hungry,,,0802,130821
FLPAB93MK5LM9GPGUHN1,36,Hungry,Sleepy,,,0802,133812
FLPAB93MK5LM9GPGUHN1,37,Sleepy,Hungry,Sleepy,,0802,144619
FLPAB93MK5LM9GPGUHN1,38,Unwell,Sleepy,Unwell,,0802,152646
FLPAB93MK5LM9GPGUHN1,39,Hungry,Sleepy,,,0802,162053
FLPAB93MK5LM9GPGUHN1,40,Sleepy,Hungry,,,0802,165100
FLPAB93MK5LM9GPGUHN1,41,Hungry,Hungry,,,0802,181921
FLPAB93MK5LM9GPGUHN1,42,Unwell,Sleepy,,,0802,191055
FLPAB93MK5LM9GPGUHN1,43,Unwell,Hungry,,,0802,230115
FLPAB93MK5LM9GPGUHN1,44,Hungry,Hungry,,,0803,010015
FLPAB93MK5LM9GPGUHN1,45,Hungry,Hungry,,,0803,061054
FLPAB93MK5LM9GPGUHN1,46,Hungry,Hungry,,,0803,073835
FLPAB93MK5LM9GPGUHN1,47,Hungry,Sleepy,,,0803,104517
FLPAB93MK5LM9GPGUHN1,48,Hungry,Hungry,,,0803,130132
FLPAB93MK5LM9GPGUHN1,49,Unwell,Sleepy,,,0803,131905
FLPAB93MK5LM9GPGUHN1,50,Hungry,Hungry,,,0803,133048
FLPAB93MK5LM9GPGUHN1,51,Hungry,Hungry,,,0803,210940
FLPAB93MK5LM9GPGUHN1,52,Sleepy,Sleepy,,,0803,221412
FLPAB93MK5LM9GPGUHN1,53,Hungry,Hungry,Sleepy,,0803,223041
FLPAB93MK5LM9GPGUHN1,54,Hungry,Hungry,,,0803,232330
FLPAB93MK5LM9GPGUHN1,55,Unwell,Sleepy,,,0804,003256
FLPAB93MK5LM9GPGUHN1,56,Hungry,Hungry,,,0804,123153
FLPAB93MK5LM9GPGUHN1,57,Hungry,Sleepy,,,0804,130030
FLPAB93MK5LM9GPGUHN1,58,Unwell,Sleepy,Unwell,,0804,132454
FLPAB93MK5LM9GPGUHN1,59,Sleepy,Sleepy,,,0804,151433
FLPAB93MK5LM9GPGUHN1,60,Sleepy,Sleepy,,,0804,163752
DVPA953WKZL4VHPGYHXJ,1,Sleepy,Wet diaper,,,0719,1830
DVPA953WKZL4VHPGYHXJ,2,Hungry,Sleepy,,,0719,1846
DVPA953WKZL4VHPGYHXJ,3,Unwell,others,,,0719,1946
DVPA953WKZL4VHPGYHXJ,4,Sleepy,Hungry,,,0719,2029
DVPA953WKZL4VHPGYHXJ,5,Hungry,Wet diaper,,,0720,0021
DVPA953WKZL4VHPGYHXJ,6,Hungry,Sleepy,,,0720,0334
DVPA953WKZL4VHPGYHXJ,7,Unwell,others,,,0720,1028
DVPA953WKZL4VHPGYHXJ,8,Hungry,Unwell,,,0720,1637
DVPA953WKZL4VHPGYHXJ,9,Unwell,Sleepy,,,0720,2050
DVPA953WKZL4VHPGYHXJ,10,Hungry,others,,,0722,0226
DVPA953WKZL4VHPGYHXJ,11,Unwell,Hungry,,,0723,0005
DVPA953WKZL4VHPGYHXJ,12,Sleepy,Hungry,,,0723,1715
DVPA953WKZL4VHPGYHXJ,13,Hungry,Wet diaper,,,0724,0105
DVPA953WKZL4VHPGYHXJ,14,Hungry,Sleepy,,,0724,0126
DVPA953WKZL4VHPGYHXJ,15,Sleepy,Hungry,,,0724,0822
DVPA953WKZL4VHPGYHXJ,16,Unwell,Wet diaper,,,0725,0207
DVPA953WKZL4VHPGYHXJ,17,Unwell,Hungry,,,0725,0334
DVPA953WKZL4VHPGYHXJ,18,Unwell,Hungry,,,0725,2010
DVPA953WKZL4VHPGYHXJ,19,Unknown,Hungry,,,0727,1951
DVPA953WKZL4VHPGYHXJ,20,Unknown,Hungry,,,0728,0350
DVPA953WKZL4VHPGYHXJ,21,Unknown,Hungry,,,0728,0952
DVPA953WKZL4VHPGYHXJ,22,Hungry,others,,,0804,0036
DVPA953WKZL4VHPGYHXJ,23,Sleepy,Hungry,,,0804,2329
DVPA953WKZL4VHPGYHXJ,24,Unwell,others,,,0806,2003
DVPA953WKZL4VHPGYHXJ,25,Sleepy,Wet diaper,,,0807,0034
DVPA953WKZL4VHPGYHXJ,26,Sleepy,Unwell,,,0807,1059
DVPA953WKZL4VHPGYHXJ,27,Unwell,Sleepy,,,0807,2235
DVPA953WKZL4VHPGYHXJ,28,Unwell,Sleepy,,,0808,0204
DVPA953WKZL4VHPGYHXJ,29,Sleepy,Hungry,,,0808,1206
DVPA953WKZL4VHPGYHXJ,30,Sleepy,Hungry,,,0810,1703
DVPA953WKZL4VHPGYHXJ,31,Hungry,Sleepy,,,0811,2244
DVPA953WKZL4VHPGYHXJ,32,Sleepy,Hungry,,,0813,0403
DVPA953WKZL4VHPGYHXJ,33,Hungry,Sleepy,,,0813,2312
DVPA953WKZL4VHPGYHXJ,34,Unknown,Hungry,,,0814,1716
DVPA953WKZL4VHPGYHXJ,35,Unknown,Sleepy,,,0814,2357
DVPA953WKZL4VHPGYHXJ,36,Unknown,Hungry,,,0815,0830
DVPA953WKZL4VHPGYHXJ,37,Unknown,Hungry,,,0815,1959
DVPA953WKZL4VHPGYHXJ,38,Unknown,Hungry,,,0815,2309
DVPA953WKZL4VHPGYHXJ,39,Unknown,Hungry,,,0816,0631
DVPA953WKZL4VHPGYHXJ,40,Unknown,Hungry,,,0817,180249
DVPA953WKZL4VHPGYHXJ,41,Unknown,Hungry,,,0817,203056
DVPA953WKZL4VHPGYHXJ,42,Unknown,Hungry,,,0817,204452
DVPA953WKZL4VHPGYHXJ,43,Unknown,Hungry,,,0817,210332
DVPA953WKZL4VHPGYHXJ,44,Unknown,Hungry,,,0818,020734
DVPA953WKZL4VHPGYHXJ,45,Unknown,Hungry,,,0818,080311
DVPA953WKZL4VHPGYHXJ,46,Unknown,Sleepy,,,0818,121740
DVPA953WKZL4VHPGYHXJ,47,Unknown,Sleepy,,,0818,123837
DVPA953WKZL4VHPGYHXJ,48,Unknown,Hungry,,,0818,171437
DVPA953WKZL4VHPGYHXJ,49,Unknown,Hungry,,,0818,172446
DVPA953WKZL4VHPGYHXJ,50,Unknown,Hungry,,,0818,173633
DVPA953WKZL4VHPGYHXJ,51,Unknown,Hungry,,,0818,175147
DVPA953WKZL4VHPGYHXJ,52,Unknown,Wet diaper,,,0818,181318
DVPA953WKZL4VHPGYHXJ,53,Unknown,Wet diaper,,,0818,183121
DVPA953WKZL4VHPGYHXJ,54,Unknown,Sleepy,,,0818,213109
DVPA953WKZL4VHPGYHXJ,55,Unknown,Sleepy,,,0818,214601
DVPA953WKZL4VHPGYHXJ,56,Unknown,Wet diaper,,,0818,220623
DVPA953WKZL4VHPGYHXJ,57,Unknown,Hungry,,,0818,222518
DVPA953WKZL4VHPGYHXJ,58,Unknown,Hungry,,,0818,231325
DVPA953WKZL4VHPGYHXJ,59,Unknown,Unwell,,,0818,233548
DVPA953WKZL4VHPGYHXJ,60,Unknown,Wet diaper,,,0819,123840
FZYA9D3WRHL49G6GUHNJ,1,Unknown,Sleepy,,,0729,003400
FZYA9D3WRHL49G6GUHNJ,2,Unknown,Hungry,,,0729,075905
FZYA9D3WRHL49G6GUHNJ,3,Hungry,Sleepy,,,0729,173503
FZYA9D3WRHL49G6GUHNJ,4,Sleepy,Sleepy,,,0729,182929
FZYA9D3WRHL49G6GUHNJ,5,Sleepy,Sleepy,,,0729,183920
FZYA9D3WRHL49G6GUHNJ,6,Hungry,Hungry,,,0729,203841
FZYA9D3WRHL49G6GUHNJ,7,Sleepy,Sleepy,,,0729,214909
FZYA9D3WRHL49G6GUHNJ,8,Sleepy,Sleepy,,,0729,222842
FZYA9D3WRHL49G6GUHNJ,9,Unwell,Sleepy,,,0729,223807
FZYA9D3WRHL49G6GUHNJ,10,Sleepy,Sleepy,,,0729,232430
FZYA9D3WRHL49G6GUHNJ,11,Unwell,Sleepy,,,0729,234323
FZYA9D3WRHL49G6GUHNJ,12,Hungry,Sleepy,,,0730,000042
FZYA9D3WRHL49G6GUHNJ,13,Unwell,Sleepy,,,0730,000929
FZYA9D3WRHL49G6GUHNJ,14,Unwell,Hungry,,,0730,094713
FZYA9D3WRHL49G6GUHNJ,15,Hungry,Sleepy,,,0730,153900
FZYA9D3WRHL49G6GUHNJ,16,Unwell,Sleepy,,,0730,155558
FZYA9D3WRHL49G6GUHNJ,17,Unwell,Sleepy,,,0730,161453
FZYA9D3WRHL49G6GUHNJ,18,Sleepy,Sleepy,,,0730,175541
FZYA9D3WRHL49G6GUHNJ,19,Unwell,Sleepy,,,0730,182448
FZYA9D3WRHL49G6GUHNJ,20,Unwell,Sleepy,,,0730,183509
FZYA9D3WRHL49G6GUHNJ,21,Hungry,Sleepy,,,0730,190801
FZYA9D3WRHL49G6GUHNJ,22,Hungry,Sleepy,,,0730,191802
FZYA9D3WRHL49G6GUHNJ,23,Sleepy,Sleepy,,,0730,193712
FZYA9D3WRHL49G6GUHNJ,24,Hungry,Sleepy,,,0730,194701
FZYA9D3WRHL49G6GUHNJ,25,Sleepy,Sleepy,,,0730,195138
FZYA9D3WRHL49G6GUHNJ,26,Hungry,Hungry,,,0730,205503
FZYA9D3WRHL49G6GUHNJ,27,Hungry,others,,,0730,211423
FZYA9D3WRHL49G6GUHNJ,28,Unwell,others,,,0730,212805
FZYA9D3WRHL49G6GUHNJ,29,Hungry,others,,,0730,214300
FZYA9D3WRHL49G6GUHNJ,30,Unwell,Sleepy,,,0730,231356
FZYA9D3WRHL49G6GUHNJ,31,Hungry,Sleepy,,,0730,232634
FZYA9D3WRHL49G6GUHNJ,32,Hungry,Sleepy,,,0730,234051
FZYA9D3WRHL49G6GUHNJ,33,Hungry,Sleepy,,,0731,022201
FZYA9D3WRHL49G6GUHNJ,34,Hungry,Hungry,,,0731,040621
FZYA9D3WRHL49G6GUHNJ,35,Hungry,Sleepy,,,0731,042554
FZYA9D3WRHL49G6GUHNJ,36,Sleepy,Sleepy,,,0731,113741
FZYA9D3WRHL49G6GUHNJ,37,Unwell,Sleepy,,,0731,120126
FZYA9D3WRHL49G6GUHNJ,38,Unwell,others,,,0731,143039
FZYA9D3WRHL49G6GUHNJ,39,Unwell,others,,,0731,144138
FZYA9D3WRHL49G6GUHNJ,40,Hungry,others,,,0731,144407
FZYA9D3WRHL49G6GUHNJ,41,Sleepy,others,,,0731,145611
FZYA9D3WRHL49G6GUHNJ,42,Hungry,others,,,0731,150621
FZYA9D3WRHL49G6GUHNJ,43,Hungry,Hungry,,,0731,151652
FZYA9D3WRHL49G6GUHNJ,44,Unwell,Hungry,,,0731,152716
FZYA9D3WRHL49G6GUHNJ,45,Unwell,Hungry,,,0731,153825
FZYA9D3WRHL49G6GUHNJ,46,Unwell,others,,,0731,184406
FZYA9D3WRHL49G6GUHNJ,47,Unwell,others,,,0731,185515
FZYA9D3WRHL49G6GUHNJ,48,Unwell,others,,,0731,192450
FZYA9D3WRHL49G6GUHNJ,49,Sleepy,Hungry,,,0731,200214
FZYA9D3WRHL49G6GUHNJ,50,Hungry,Hungry,,,0731,201655
FZYA9D3WRHL49G6GUHNJ,51,Unwell,others,,,0731,211402
FZYA9D3WRHL49G6GUHNJ,52,Hungry,others,,,0731,212425
FZYA9D3WRHL49G6GUHNJ,53,Hungry,others,,,0731,213543
FZYA9D3WRHL49G6GUHNJ,54,Hungry,others,,,0731,214601
FZYA9D3WRHL49G6GUHNJ,55,Hungry,others,,,0731,220042
FZYA9D3WRHL49G6GUHNJ,56,Hungry,Hungry,,,0731,221630
FZYA9D3WRHL49G6GUHNJ,57,Hungry,Hungry,,,0731,224734
FZYA9D3WRHL49G6GUHNJ,58,Hungry,Sleepy,,,0731,232340
FZYA9D3WRHL49G6GUHNJ,59,Hungry,Sleepy,,,0801,004800
FZYA9D3WRHL49G6GUHNJ,60,Sleepy,Sleepy,,,0801,021803
FFKU8N1CZHLMUG6GUHZ1,1,Unknown,Sleepy,,,0727,151635
FFKU8N1CZHLMUG6GUHZ1,2,Unknown,Sleepy,,,0727,153603
FFKU8N1CZHLMUG6GUHZ1,3,Unknown,Sleepy,,,0727,154630
FFKU8N1CZHLMUG6GUHZ1,4,Unknown,Unwell,,,0727,161814
FFKU8N1CZHLMUG6GUHZ1,5,Unknown,Unwell,others,,0727,163227
FFKU8N1CZHLMUG6GUHZ1,6,Unknown,Unwell,others,,0727,164451
FFKU8N1CZHLMUG6GUHZ1,7,Unknown,Sleepy,Unwell,,0727,165652
FFKU8N1CZHLMUG6GUHZ1,8,Unknown,others,,,0727,183151
FFKU8N1CZHLMUG6GUHZ1,9,Unknown,Unwell,,,0727,190632
FFKU8N1CZHLMUG6GUHZ1,10,Unknown,others,,,0727,192405
FFKU8N1CZHLMUG6GUHZ1,11,Unknown,Unwell,others,,0727,194311
FFKU8N1CZHLMUG6GUHZ1,12,Unknown,others,,,0727,195328
FFKU8N1CZHLMUG6GUHZ1,13,Unknown,others,,,0727,201310
FFKU8N1CZHLMUG6GUHZ1,14,Unknown,others,,,0727,203001
FFKU8N1CZHLMUG6GUHZ1,15,Unknown,others,,,0727,204952
FFKU8N1CZHLMUG6GUHZ1,16,Unknown,others,,,0727,230337
FFKU8N1CZHLMUG6GUHZ1,17,Unknown,others,,,0727,233022
FFKU8N1CZHLMUG6GUHZ1,18,Unknown,others,,,0727,234310
FFKU8N1CZHLMUG6GUHZ1,19,Unknown,Sleepy,,,0727,235643
FFKU8N1CZHLMUG6GUHZ1,20,Unknown,Sleepy,,,0728,003308
FFKU8N1CZHLMUG6GUHZ1,21,Unknown,Sleepy,,,0728,010013
FFKU8N1CZHLMUG6GUHZ1,22,Unknown,Unwell,others,,0728,034227
FFKU8N1CZHLMUG6GUHZ1,23,Unknown,others,,,0728,053934
FFKU8N1CZHLMUG6GUHZ1,24,Unwell,others,,,0729,094110
FFKU8N1CZHLMUG6GUHZ1,25,Unwell,others,,,0729,115858
FFKU8N1CZHLMUG6GUHZ1,26,Hungry,Hungry,,,0729,125431
FFKU8N1CZHLMUG6GUHZ1,27,Unwell,others,,,0729,133507
FFKU8N1CZHLMUG6GUHZ1,28,Sleepy,Hungry,,,0729,141005
FFKU8N1CZHLMUG6GUHZ1,29,Unwell,others,,,0729,172803
FFKU8N1CZHLMUG6GUHZ1,30,Hungry,Sleepy,,,0729,173805
FFKU8N1CZHLMUG6GUHZ1,31,Hungry,Hungry,,,0729,174908
FFKU8N1CZHLMUG6GUHZ1,32,Unwell,Unwell,others,,0729,175934
FFKU8N1CZHLMUG6GUHZ1,33,Unwell,Unwell,others,,0729,180708
FFKU8N1CZHLMUG6GUHZ1,34,Sleepy,Sleepy,,,0729,181934
FFKU8N1CZHLMUG6GUHZ1,35,Hungry,others,,,0729,183106
FFKU8N1CZHLMUG6GUHZ1,36,Sleepy,Sleepy,,,0729,185810
FFKU8N1CZHLMUG6GUHZ1,37,Sleepy,others,,,0729,191248
FFKU8N1CZHLMUG6GUHZ1,38,Hungry,Hungry,,,0729,194008
FFKU8N1CZHLMUG6GUHZ1,39,Sleepy,Sleepy,,,0729,195118
FFKU8N1CZHLMUG6GUHZ1,40,Unwell,Unwell,others,,0729,221848
FFKU8N1CZHLMUG6GUHZ1,41,Hungry,Hungry,Sleepy,,0730,002215
FFKU8N1CZHLMUG6GUHZ1,42,Hungry,Hungry,,,0730,130551
FFKU8N1CZHLMUG6GUHZ1,43,Unwell,Unwell,others,,0730,134435
FFKU8N1CZHLMUG6GUHZ1,44,Hungry,Hungry,Sleepy,,0730,143202
FFKU8N1CZHLMUG6GUHZ1,45,Unwell,Unwell,,,0730,170950
FFKU8N1CZHLMUG6GUHZ1,46,Hungry,Hungry,,,0730,172000
FFKU8N1CZHLMUG6GUHZ1,47,Sleepy,Sleepy,,,0730,173358
FFKU8N1CZHLMUG6GUHZ1,48,Hungry,Unwell,others,,0730,174628
FFKU8N1CZHLMUG6GUHZ1,49,Sleepy,Sleepy,,,0730,195937
FFKU8N1CZHLMUG6GUHZ1,50,Hungry,Hungry,Sleepy,,0730,202445
FFKU8N1CZHLMUG6GUHZ1,51,Unwell,Unwell,others,,0730,204532
FFKU8N1CZHLMUG6GUHZ1,52,Unwell,Unwell,others,,0730,220858
FFKU8N1CZHLMUG6GUHZ1,53,Hungry,Unwell,,,0730,222433
FFKU8N1CZHLMUG6GUHZ1,54,Unwell,Unwell,,,0731,011312
FFKU8N1CZHLMUG6GUHZ1,55,Unwell,Unwell,,,0731,032850
FFKU8N1CZHLMUG6GUHZ1,56,Hungry,Hungry,,,0731,060540
FFKU8N1CZHLMUG6GUHZ1,57,Sleepy,Sleepy,,,0731,113725
FFKU8N1CZHLMUG6GUHZ1,58,Hungry,Hungry,,,0731,123819
FFKU8N1CZHLMUG6GUHZ1,59,Hungry,Hungry,,,0731,125034
FFKU8N1CZHLMUG6GUHZ1,60,Hungry,Sleepy,Unwell,,0731,132101
